seed,dtype,point,quantized_point,order,observed,reference,reference_decimal,reference_magnitude,absolute_error,scaled_error
20260918,float32,-0.9,-0.8999999761581421,0,-0.10020292550325394,-0.10020292246788072,-0.1002029224678807183914371106380407458768835913450602016200290140647770600002612919768837290086839616,0.10020292246788072,3.035373218376141e-09,3.035373218376141e-09
20260918,float32,-0.9,-0.8999999761581421,1,-0.07974119484424591,-0.07974117351994066,-0.0797411735199406639655066268154539689744249482394104126400268692471803864932826995986946028246423204,0.07974117351994066,2.1324305246679024e-08,2.1324305246679024e-08
20260918,float32,-0.9,-0.8999999761581421,2,-0.011504863388836384,-0.011504860600642325,-0.0115048606006423245929697252988209742358885096281334664287929943652483731597152272144081435630950518,0.011504860600642325,2.7881940592266105e-09,2.7881940592266105e-09
20260918,float32,-0.9,-0.8999999761581421,3,0.1541491150856018,0.15414910713693455,0.1541491071369345522635652574009713210793432443532000694980648383648151302684321461144038803893003161,0.15414910713693455,7.94866725437706e-09,7.94866725437706e-09
20260918,float32,-0.9,-0.8999999761581421,4,0.1823524683713913,0.18235246584623785,0.1823524658462378611004941660728989156358347724569572280346105362646496654258229179094255499581309451,0.18235246584623785,2.5251534352862246e-09,2.5251534352862246e-09
20260918,float32,-0.9,-0.8999999761581421,5,-0.6719749569892883,-0.6719748923335406,-0.6719748923335406129363913747721225423048725318620380068837631943934428218277660558195857272985331397,0.6719748923335406,6.465574771714173e-08,6.465574771714173e-08
20260918,float32,-0.9,-0.8999999761581421,6,-2.008999824523926,-2.0090001694623565,-2.009000169462356392540880786043914965982187366879923949521094301109498644865623293731404306741912638,2.0090001694623565,3.449384306112909e-07,1.7169656620964967e-07
20260918,float32,-0.9,-0.8999999761581421,7,5.952256202697754,5.952254233195091,5.952254233195090558720777338070497887355352333378936675699457936977372322793622600758898514560421146,5.952254233195091,1.969502663347529e-06,3.308834915625448e-07
20260918,float32,-0.9,-0.8999999761581421,8,40.40134048461914,40.401357815227904,40.40135781522790730698015065228837946307620572388748092402449241056097560357318699057604781502903615,40.401357815227904,1.733060876668198e-05,4.289610474465242e-07
20260918,float32,-0.9,-0.8999999761581421,9,-47.611305236816406,-47.611269215823086,-47.61126921582308352665662617384251832823143636822962705575001073096923195743598097590668327680283124,47.611269215823086,3.602099332272334e-05,7.565644419063745e-07
20260918,float32,-0.9,-0.8999999761581421,10,-1261.9927978515625,-1261.9932818401835,-1261.99328184018348121908248046860486120175722418557742069303337563205540478148807954491475720964892,1261.9932818401835,0.00048398862098121906,3.835112499770902e-07
20260918,float32,-0.5,-0.5,0,-0.13124725222587585,-0.13124726408421256,-0.1312472640842125509535720366785111713900390939648857865259131443028873317297704964684290467060288014,0.13124726408421256,1.1858336696461385e-08,1.1858336696461385e-08
20260918,float32,-0.5,-0.5,1,-0.0709090307354927,-0.07090902932315145,-0.07090902932315144733247378361916233861458761321605545460897365606411037190523571502531363162298964943,0.07090902932315145,1.4123412589663544e-09,1.4123412589663544e-09
20260918,float32,-0.5,-0.5,2,0.05613340064883232,0.05613341430824934,0.05613341430824934247732928546337228042292563480642092032620604729897819694142483839138040018357892746,0.05613341430824934,1.3659417021310337e-08,1.3659417021310337e-08
20260918,float32,-0.5,-0.5,3,0.16100803017616272,0.16100801881972931,0.161008018819729308551671574230457875033202388858340825838724078625710213167197516489245688574540053,0.16100801881972931,1.1356433411174891e-08,1.1356433411174891e-08
20260918,float32,-0.5,-0.5,4,-0.15189962089061737,-0.15189962136271978,-0.1518996213627197862752965554642744146262347242225254278692807905291865748916892729987568090474240412,0.15189962136271978,4.721024156698278e-10,4.721024156698278e-10
20260918,float32,-0.5,-0.5,5,-0.7256932258605957,-0.7256930535313484,-0.7256930535313483875822755846206239806420054230312229758986993803872903080580914714647763445104264611,0.7256930535313484,1.7232924731554273e-07,1.7232924731554273e-07
20260918,float32,-0.5,-0.5,6,1.8227230310440063,1.8227230031856947,1.822723003185694683621772827656484802418674304829022352004799080613627562552673824261970133513137874,1.8227230031856947,2.7858311664034477e-08,1.528389756169459e-08
20260918,float32,-0.5,-0.5,7,6.680759906768799,6.680757913966439,6.680757913966439614143826410969948084721006950804056203638804928697710764836381836495086862412054528,6.680757913966439,1.9928023592139813e-06,2.9828986244927896e-07
20260918,float32,-0.5,-0.5,8,-48.03302764892578,-48.033021062071725,-48.03302106207172866264310854722384215038006376135188253795159654368792667039307478482270763178667994,48.033021062071725,6.5868540525873565e-06,1.3713178781895376e-07
20260918,float32,-0.5,-0.5,9,-171.43243408203125,-171.43236291789626,-171.4323629178962515997210228438437439554638121978043900377492812726990576127520061812934280905651827,171.43236291789626,7.116413499840027e-05,4.1511493971813696e-07
20260918,float32,-0.5,-0.5,10,1645.04345703125,1645.0426723926494,1645.042672392649391872466811811929372863003355942130869077514701332849762243469529825441837503154819,1645.0426723926494,0.0007846386006081275,4.769715787778939e-07
20260918,float32,0.0,0.0,0,-0.15687048435211182,-0.15687049694411243,-0.1568704969441124168666090384845679540218111706984502313946437926386361363005050314719243643575055197,0.15687049694411243,1.2592000600460359e-08,1.2592000600460359e-08
20260918,float32,0.0,0.0,1,-0.02723231539130211,-0.027232319557908002,-0.02723231955790800369166088498763252552074656253846749958422520454748013801835389080187246628182203702,0.027232319557908002,4.1666058949270124e-09,4.1666058949270124e-09
20260918,float32,0.0,0.0,2,0.10788620263338089,0.10788621677496857,0.1078862167749685700184174368481190649480089471935152892423551896915272564213532234600806359021797754,0.10788621677496857,1.4141587680125839e-08,1.4141587680125839e-08
20260918,float32,0.0,0.0,3,0.03630202263593674,0.036302033571980495,0.03630203357198049658211750367651150609394149640384907914216660430208627413656446612573356208267150853,0.036302033571980495,1.0936043759521571e-08,1.0936043759521571e-08
20260918,float32,0.0,0.0,4,-0.2784211337566376,-0.27842112714369727,-0.2784211271436972645496598615377342351183377695697684821922078048870476603258489030500934953057726964,0.27842112714369727,6.612940308692528e-09,6.612940308692528e-09
20260918,float32,0.0,0.0,5,0.03357788175344467,0.03357788686043652,0.03357788686043652508043859574383115759485648370339253417156297766449992150311373755711134406773188504,0.03357788686043652,5.1069918534495795e-09,5.1069918534495795e-09
20260918,float32,0.0,0.0,6,0.02402605302631855,0.024025980494790343,0.02402598049479034203454171240516047600082025732315026783795355853700250677460492985480957788710385793,0.024025980494790343,7.253152820807532e-08,7.253152820807532e-08
20260918,float32,0.0,0.0,7,-5.820672512054443,-5.820673684042634,-5.820673684042634174902396497029099349194258536398457181398771471602045474742098995587288678068647482,5.820673684042634,1.1719881908155275e-06,2.013492345445392e-07
20260918,float32,0.0,0.0,8,32.27118682861328,32.27117780617129,32.27117780617128892062837433608528089219178718656160552010268839498125129110790575498878925382818482,32.27117780617129,9.022441992329371e-06,2.795820483070187e-07
20260918,float32,0.0,0.0,9,198.1946563720703,198.19468977764998,198.1946897776499717839719365392675228517153881335084320743202561618089158359049226793784293219694609,198.19468977764998,3.3405579659283975e-05,1.685493173240964e-07
20260918,float32,0.0,0.0,10,-1048.3734130859375,-1048.373299718065,-1048.37329971806505693861422949130420982888465403207463480384694940714892765767462860699982256582944,1048.373299718065,0.00011336787244306139,1.0813693221064383e-07
20260918,float32,0.5,0.5,0,-0.15696555376052856,-0.15696552666961014,-0.1569655266696101526785619853919926127624929012499256427181523495202585338776654521825946134741933787,0.15696552666961014,2.7090918411774563e-08,2.7090918411774563e-08
20260918,float32,0.5,0.5,1,0.025478243827819824,0.025478239454698043,0.02547823945469804280328207508020346958942042679354385692200541012637166029605126402821651341986792442,0.025478239454698043,4.373121781415468e-09,4.373121781415468e-09
20260918,float32,0.5,0.5,2,0.09137075394392014,0.09137076110278494,0.09137076110278494439326802815963560257877176123612496294561322037217362234667361206213259245163633674,0.09137076110278494,7.158864808895221e-09,7.158864808895221e-09
20260918,float32,0.5,0.5,3,-0.1025693267583847,-0.10256932657833553,-0.1025693265783355316077281850477811017429746099095010825666598248778506500283639272031674011303683329,0.10256932657833553,1.8004917298211558e-10,1.8004917298211558e-10
20260918,float32,0.5,0.5,4,-0.27128663659095764,-0.2712866163927412,-0.2712866163927411930693721590573799873912262294877096956194696692265820982651104751533564132796739959,0.2712866163927412,2.019821644853219e-08,2.019821644853219e-08
20260918,float32,0.5,0.5,5,0.17685310542583466,0.1768531523558751,0.1768531523558750848467526017240260884187282056363757392618223616233658291386229487505110449629798728,0.1768531523558751,4.693004042908503e-08,4.693004042908503e-08
20260918,float32,0.5,0.5,6,1.926626443862915,1.9266261740541761,1.926626174054176176878383217785146199101414176418975074485630343614929464956913569841456728369513164,1.9266261740541761,2.698087388621841e-07,1.400420810719232e-07
20260918,float32,0.5,0.5,7,7.945718765258789,7.9457177001406825,7.945717700140682058770248332817172735656849531566717025094884409467629430259901537498833894969801389,7.9457177001406825,1.0651181070037298e-06,1.3404932659322535e-07
20260918,float32,0.5,0.5,8,-29.856048583984375,-29.856045022470898,-29.85604502247089669732918137540131682643185005544088814262775491363619799229754756192832017356434349,29.856045022470898,3.561513478302671e-06,1.192895266476899e-07
20260918,float32,0.5,0.5,9,-358.80352783203125,-358.80353193957257,-358.8035319395725481886147695425653795375849075710348337800592878965908673227661181243475675093370957,358.80353193957257,4.1075412981886145e-06,1.1447884239000137e-08
20260918,float32,0.5,0.5,10,344.2802429199219,344.2803736363164,344.2803736363164287951770912880141657513335687189263364848335026246844671419153307389095735989445342,344.2803736363164,0.00013071639455379517,3.796800647482699e-07
20260918,float32,0.9,0.8999999761581421,0,-0.14082008600234985,-0.14082010026362876,-0.1408201002636287595120151200282021455370317198101375805772092490873545736757909910117029569016167612,0.14082010026362876,1.426127890599639e-08,1.426127890599639e-08
20260918,float32,0.9,0.8999999761581421,1,0.05131066218018532,0.05131067097117826,0.0513106709711782573308972543326310245644230876736502505744400917869992534481849503919893454401036934,0.05131067097117826,8.790992939337734e-09,8.790992939337734e-09
20260918,float32,0.9,0.8999999761581421,2,0.03298960626125336,0.03298959965018111,0.03298959965018111262675244926858083981391601404941466719528797688811665584556072992289424771234170212,0.03298959965018111,6.611072244306841e-09,6.611072244306841e-09
20260918,float32,0.9,0.8999999761581421,3,-0.1721440702676773,-0.17214404457256965,-0.1721440445725696657329387512575081702791364970752845851042886307797291949802857973399070081157633923,0.17214404457256965,2.5695107641395967e-08,2.5695107641395967e-08
20260918,float32,0.9,0.8999999761581421,4,-0.017367180436849594,-0.01736719308508748,-0.01736719308508748046245349503820521048800626551786576564579867047158768375736148297382563500919711106,0.01736719308508748,1.2648237886346242e-08,1.2648237886346242e-08
20260918,float32,0.9,0.8999999761581421,5,0.9938433170318604,0.9938434736287504,0.9938434736287503219795825336019014408847887702757251061077286858122020206660177217995421200761138311,0.9938434736287504,1.565968899704171e-07,1.565968899704171e-07
20260918,float32,0.9,0.8999999761581421,6,0.45551449060440063,0.45551456325970036,0.4555145632597003504678619022419902251218675894450737848654057711848106963283326220212298576493411318,0.45551456325970036,7.265529971570223e-08,7.265529971570223e-08
20260918,float32,0.9,0.8999999761581421,7,-14.88821029663086,-14.888210676716868,-14.88821067671686789243813555024711922852954700658378730743734650515139170023687405313036938425847656,14.888210676716868,3.800860085174381e-07,2.5529327651968335e-08
20260918,float32,0.9,0.8999999761581421,8,-20.417163848876953,-20.417168683120135,-20.41716868312013587629355658557148060552867874470357383988524306709604343350477591564874302937760206,20.417168683120135,4.834243182751293e-06,2.367734360126043e-07
20260918,float32,0.9,0.8999999761581421,9,471.46905517578125,471.46915011188423,471.4691501118842120357478201443481559345608029858037700268734789277476844089969839719530093372347958,471.46915011188423,9.493610296203575e-05,2.0136227988513456e-07
20260918,float32,0.9,0.8999999761581421,10,828.710693359375,828.7113100283041,828.7113100283040662490184009276696624930422397668318486166291116961848345443857069716697658453034436,828.7113100283041,0.000616668929066249,7.441299782009577e-07
20260918,float64,-0.9,-0.9,0,-0.10020292056670296,-0.10020292056670299,-0.100202920566702991239166357892733728457043887230377378698256453369030286185618473672971088817464037,0.10020292056670299,2.8027086222656994e-17,2.8027086222656994e-17
20260918,float64,-0.9,-0.9,1,-0.07974117324564339,-0.07974117324564337,-0.07974117324564336818156722225210787202114405857733487280952546598218009032199703459558624998974712662,0.07974117324564337,2.4860036763441548e-17,2.4860036763441548e-17
20260918,float64,-0.9,-0.9,2,-0.011504864275843376,-0.011504864275843386,-0.01150486427584338552432419434572313328931906790902235581041105219561184803557125900370754600292944536,0.011504864275843386,9.542923454130147e-18,9.542923454130147e-18
20260918,float64,-0.9,-0.9,3,0.15414910278931285,0.15414910278931276,0.1541491027893127769551564063875676961464015491587173057061001959218531396731377828340333951488117663,0.15414910278931276,7.041731513132266e-17,7.041731513132266e-17
20260918,float64,-0.9,-0.9,4,0.18235248186736716,0.18235248186736722,0.1823524818673672072379486834663585537001190107704012106919523419079322489370167245050168813479119667,0.18235248186736722,4.6209878028928187e-17,4.6209878028928187e-17
20260918,float64,-0.9,-0.9,5,-0.6719748444352427,-0.6719748444352422,-0.6719748444352422947939833893175481802760445687163707329731999724198933193230688604686328373054241785,0.6719748444352422,3.9602705844394256e-16,3.9602705844394256e-16
20260918,float64,-0.9,-0.9,6,-2.0090003113751447,-2.0090003113751447,-2.009000311375144714914215770548351950720194503055123294610655130256763345938727545647497331207968297,2.0090003113751447,3.8751652797216694e-17,1.928902279297881e-17
20260918,float64,-0.9,-0.9,7,5.952253269951644,5.952253269951644,5.952253269951643721652144127235112314527509872663431562774047218526646072495420089427154956405992892,5.952253269951644,2.2196167297317803e-16,3.729036096190532e-17
20260918,float64,-0.9,-0.9,8,40.40135895036868,40.40135895036867,40.40135895036866524995606489582149690202469276716850763718373851048823699126627996046517834668902307,40.40135895036867,1.63829248423771e-14,4.0550430153854027e-16
20260918,float64,-0.9,-0.9,9,-47.61123912755941,-47.611239127559465,-47.61123912755946358326917878738351146093175888245436804012075646463451332219055924006635515302401821,47.611239127559465,5.5792200954318185e-14,1.1718283744903253e-15
20260918,float64,-0.9,-0.9,10,-1261.9932048928274,-1261.9932048928274,-1261.993204892827327986212473693980838972174661235347918699686087768219988119128881386054005958904161,1261.9932048928274,7.910692409765374e-14,6.268411255381661e-17
20260918,float64,-0.5,-0.5,0,-0.13124726408421256,-0.13124726408421256,-0.1312472640842125509535720366785111713900390939648857865259131443028873317297704964684290467060288014,0.13124726408421256,5.014351171621397e-18,5.014351171621397e-18
20260918,float64,-0.5,-0.5,1,-0.07090902932315145,-0.07090902932315145,-0.07090902932315144733247378361916233861458761321605545460897365606411037190523571502531363162298964943,0.07090902932315145,1.132616357252163e-18,1.132616357252163e-18
20260918,float64,-0.5,-0.5,2,0.056133414308249314,0.05613341430824934,0.05613341430824934247732928546337228042292563480642092032620604729897819694142483839138040018357892746,0.05613341430824934,2.798238187259538e-17,2.798238187259538e-17
20260918,float64,-0.5,-0.5,3,0.16100801881972934,0.16100801881972931,0.161008018819729308551671574230457875033202388858340825838724078625710213167197516489245688574540053,0.16100801881972931,3.415603123850098e-17,3.415603123850098e-17
20260918,float64,-0.5,-0.5,4,-0.15189962136271978,-0.15189962136271978,-0.1518996213627197862752965554642744146262347242225254278692807905291865748916892729987568090474240412,0.15189962136271978,2.9512720082090257e-18,2.9512720082090257e-18
20260918,float64,-0.5,-0.5,5,-0.7256930535313485,-0.7256930535313484,-0.7256930535313483875822755846206239806420054230312229758986993803872903080580914714647763445104264611,0.7256930535313484,1.0998230366278909e-16,1.0998230366278909e-16
20260918,float64,-0.5,-0.5,6,1.8227230031856947,1.8227230031856947,1.822723003185694683621772827656484802418674304829022352004799080613627562552673824261970133513137874,1.8227230031856947,6.509640326065466e-18,3.571382110550058e-18
20260918,float64,-0.5,-0.5,7,6.680757913966441,6.680757913966439,6.680757913966439614143826410969948084721006950804056203638804928697710764836381836495086862412054528,6.680757913966439,1.4164516069925351e-15,2.1201959796079068e-16
20260918,float64,-0.5,-0.5,8,-48.03302106207171,-48.033021062071725,-48.03302106207172866264310854722384215038006376135188253795159654368792667039307478482270763178667994,48.033021062071725,1.75912036137027e-14,3.6623146378759057e-16
20260918,float64,-0.5,-0.5,9,-171.43236291789637,-171.43236291789626,-171.4323629178962515997210228438437439554638121978043900377492812726990576127520061812934280905651827,171.43236291789626,1.1833626730930108e-13,6.902796257085695e-16
20260918,float64,-0.5,-0.5,10,1645.0426723926494,1645.0426723926494,1645.042672392649391872466811811929372863003355942130869077514701332849762243469529825441837503154819,1645.0426723926494,2.680731312361956e-14,1.629581625662597e-17
20260918,float64,0.0,0.0,0,-0.15687049694411237,-0.15687049694411243,-0.1568704969441124168666090384845679540218111706984502313946437926386361363005050314719243643575055197,0.15687049694411243,4.709173825300746e-17,4.709173825300746e-17
20260918,float64,0.0,0.0,1,-0.027232319557907995,-0.027232319557908002,-0.02723231955790800369166088498763252552074656253846749958422520454748013801835389080187246628182203702,0.027232319557908002,8.225199470052522e-18,8.225199470052522e-18
20260918,float64,0.0,0.0,2,0.10788621677496858,0.10788621677496857,0.1078862167749685700184174368481190649480089471935152892423551896915272564213532234600806359021797754,0.10788621677496857,1.2402983771800485e-17,1.2402983771800485e-17
20260918,float64,0.0,0.0,3,0.03630203357198048,0.036302033571980495,0.03630203357198049658211750367651150609394149640384907914216660430208627413656446612573356208267150853,0.036302033571980495,1.5329689440177628e-17,1.5329689440177628e-17
20260918,float64,0.0,0.0,4,-0.2784211271436972,-0.27842112714369727,-0.2784211271436972645496598615377342351183377695697684821922078048870476603258489030500934953057726964,0.27842112714369727,5.327938084878632e-17,5.327938084878632e-17
20260918,float64,0.0,0.0,5,0.03357788686043641,0.03357788686043652,0.03357788686043652508043859574383115759485648370339253417156297766449992150311373755711134406773188504,0.03357788686043652,1.1422633587789488e-16,1.1422633587789488e-16
20260918,float64,0.0,0.0,6,0.0240259804947903,0.024025980494790343,0.02402598049479034203454171240516047600082025732315026783795355853700250677460492985480957788710385793,0.024025980494790343,4.0689532259034214e-17,4.0689532259034214e-17
20260918,float64,0.0,0.0,7,-5.820673684042631,-5.820673684042634,-5.820673684042634174902396497029099349194258536398457181398771471602045474742098995587288678068647482,5.820673684042634,3.4282423445423517e-15,5.889769003785372e-16
20260918,float64,0.0,0.0,8,32.27117780617129,32.27117780617129,32.27117780617128892062837433608528089219178718656160552010268839498125129110790575498878925382818482,32.27117780617129,1.1931625503448612e-15,3.6973009089141146e-17
20260918,float64,0.0,0.0,9,198.19468977765004,198.19468977764998,198.1946897776499717839719365392675228517153881335084320743202561618089158359049226793784293219694609,198.19468977764998,6.891227216822609e-14,3.476998916849749e-16
20260918,float64,0.0,0.0,10,-1048.3732997180653,-1048.373299718065,-1048.37329971806505693861422949130420982888465403207463480384694940714892765767462860699982256582944,1048.373299718065,1.976990080449671e-13,1.8857692016587367e-16
20260918,float64,0.5,0.5,0,-0.1569655266696101,-0.15696552666961014,-0.1569655266696101526785619853919926127624929012499256427181523495202585338776654521825946134741933787,0.15696552666961014,4.1213159261185195e-17,4.1213159261185195e-17
20260918,float64,0.5,0.5,1,0.025478239454698053,0.025478239454698043,0.02547823945469804280328207508020346958942042679354385692200541012637166029605126402821651341986792442,0.025478239454698043,1.0459078271513393e-17,1.0459078271513393e-17
20260918,float64,0.5,0.5,2,0.09137076110278494,0.09137076110278494,0.09137076110278494439326802815963560257877176123612496294561322037217362234667361206213259245163633674,0.09137076110278494,2.383931950442328e-18,2.383931950442328e-18
20260918,float64,0.5,0.5,3,-0.10256932657833553,-0.10256932657833553,-0.1025693265783355316077281850477811017429746099095010825666598248778506500283639272031674011303683329,0.10256932657833553,2.9644335063101246e-18,2.9644335063101246e-18
20260918,float64,0.5,0.5,4,-0.27128661639274126,-0.2712866163927412,-0.2712866163927411930693721590573799873912262294877096956194696692265820982651104751533564132796739959,0.2712866163927412,7.13114446422919e-17,7.13114446422919e-17
20260918,float64,0.5,0.5,5,0.17685315235587523,0.1768531523558751,0.1768531523558750848467526017240260884187282056363757392618223616233658291386229487505110449629798728,0.1768531523558751,1.4679154099701086e-16,1.4679154099701086e-16
20260918,float64,0.5,0.5,6,1.9266261740541761,1.9266261740541761,1.926626174054176176878383217785146199101414176418975074485630343614929464956913569841456728369513164,1.9266261740541761,4.4178915801398095e-17,2.2930715048074396e-17
20260918,float64,0.5,0.5,7,7.945717700140679,7.9457177001406825,7.945717700140682058770248332817172735656849531566717025094884409467629430259901537498833894969801389,7.9457177001406825,3.1513535347050634e-15,3.9661030678817944e-16
20260918,float64,0.5,0.5,8,-29.856045022470926,-29.856045022470898,-29.85604502247089669732918137540131682643185005544088814262775491363619799229754756192832017356434349,29.856045022470898,2.970044374650954e-14,9.947882823781836e-16
20260918,float64,0.5,0.5,9,-358.8035319395727,-358.80353193957257,-358.8035319395725481886147695425653795375849075710348337800592878965908673227661181243475675093370957,358.80353193957257,1.3057751127641465e-13,3.639248213933571e-16
20260918,float64,0.5,0.5,10,344.2803736363172,344.2803736363164,344.2803736363164287951770912880141657513335687189263364848335026246844671419153307389095735989445342,344.2803736363164,7.932128970768278e-13,2.3039736151638582e-15
20260918,float64,0.9,0.9,0,-0.140820099040287,-0.14082009904028703,-0.1408200990402870224268705612394722309388983067172208777962528578242386013217248959059758150315543303,0.14082009904028703,2.2335161514738563e-17,2.2335161514738563e-17
20260918,float64,0.9,0.9,1,0.05131067175771156,0.051310671757711555,0.05131067175771155650969165386523043750451701720020701800810960191325749158692619350590746775096002862,0.051310671757711555,5.792215184136511e-18,5.792215184136511e-18
20260918,float64,0.9,0.9,2,0.032989595545947235,0.032989595545947256,0.03298959554594725308952573238543400478858185596154483195655346004532837120617534428025928430677055551,0.032989595545947256,1.772294621270789e-17,1.772294621270789e-17
20260918,float64,0.9,0.9,3,-0.17214404498663557,-0.17214404498663555,-0.1721440449866355334841659541772357404712187528921362866541270794411139381426958286284969062555257931,0.17214404498663555,4.137232682660475e-17,4.137232682660475e-17
20260918,float64,0.9,0.9,4,-0.017367169390012448,-0.017367169390012444,-0.0173671693900124457369178436784270902616330619223722430055363576450655248334989170426958908292415124,0.017367169390012444,1.956998342930049e-18,1.956998342930049e-18
20260918,float64,0.9,0.9,5,0.9938434844890597,0.9938434844890596,0.9938434844890595938546620708296335700105400501871263862571837318124890565649864267945561202049993236,0.9938434844890596,8.702063820249868e-17,8.702063820249868e-17
20260918,float64,0.9,0.9,6,0.45551420829709094,0.4555142082970907,0.4555142082970907262210807095131522776126236187164413276559689265895997207801427962721182928020742051,0.4555142082970907,2.1273834757615743e-16,2.1273834757615743e-16
20260918,float64,0.9,0.9,7,-14.888211163499971,-14.88821116349997,-14.88821116349996901683860832874705696992645868639856924229480324575464062405910063591644026576227815,14.88821116349997,1.962435103817349e-15,1.3181134269699686e-16
20260918,float64,0.9,0.9,8,-20.417157442419406,-20.417157442419406,-20.41715744241940388403431145421031117988572932049266965058392159609321961041253136060199133678686794,20.417157442419406,1.6712218507338055e-15,8.185379651633662e-17
20260918,float64,0.9,0.9,9,471.46916986989504,471.46916986989515,471.4691698698951274340004344093860473938044096445485680707163028543763087517393532077332691034103835,471.46916986989515,8.70417068396318e-14,1.8461802468155343e-16
20260918,float64,0.9,0.9,10,828.7107727180684,828.7107727180676,828.7107727180675546309889967253489675538517900371974341219048642680298185163934957718503023110269231,828.7107727180676,8.149823311043272e-13,9.83433977129665e-16
20260919,float32,-0.9,-0.8999999761581421,0,-0.044050008058547974,-0.04405000543853125,-0.04405000543853125081298361898434125640374279188249502292017427363282298352120064017876742392197628638,0.04405000543853125,2.620016722819829e-09,2.620016722819829e-09
20260919,float32,-0.9,-0.8999999761581421,1,-0.07710123062133789,-0.07710123051112909,-0.07710123051112908440120781994406485519725718528071284137060734361627147396828055205493367198738926468,0.07710123051112909,1.1020880622379219e-10,1.1020880622379219e-10
20260919,float32,-0.9,-0.8999999761581421,2,-0.03568914160132408,-0.03568914408565137,-0.0356891440856513685357449498388589189936246762838996935454410679092272006581242203563839872103245927,0.03568914408565137,2.4843272871148465e-09,2.4843272871148465e-09
20260919,float32,-0.9,-0.8999999761581421,3,0.0024220221675932407,0.0024220270004949094,0.002422027000494909564255177535029553807097596810700031105452659025168186039030066018634245927806936697,0.0024220270004949094,4.83290166882634e-09,4.83290166882634e-09
20260919,float32,-0.9,-0.8999999761581421,4,0.07681093364953995,0.07681096886686822,0.07681096886686822074331400270517175452588941810005156832370184075203186237625298694428564451311387285,0.07681096886686822,3.521732827323355e-08,3.521732827323355e-08
20260919,float32,-0.9,-0.8999999761581421,5,0.20484507083892822,0.20484513551691977,0.2048451355169197571762618812038569504395268512576568244127131616244639795272454879508420393717213883,0.20484513551691977,6.467799153452001e-08,6.467799153452001e-08
20260919,float32,-0.9,-0.8999999761581421,6,-0.7906187176704407,-0.7906192284828603,-0.7906192284828602284085507098108863525375341100402623411519531227716219497025209725512529035958878636,0.7906192284828603,5.108124195545804e-07,5.108124195545804e-07
20260919,float32,-0.9,-0.8999999761581421,7,-6.79539155960083,-6.795391377838274,-6.795391377838273820028651243087903773089661450213958314415775952573210738193337887976960838349395017,6.795391377838274,1.8176255625809635e-07,2.6747915778755046e-08
20260919,float32,-0.9,-0.8999999761581421,8,12.198555946350098,12.19855353425321,12.19855353425320927241731013234248321320793080678337042557400723321485357544346616665993459092827484,12.19855353425321,2.412096888383833e-06,1.9773630386674367e-07
20260919,float32,-0.9,-0.8999999761581421,9,297.3596496582031,297.35969094080724,297.3596909408072664458981509633095364654028179560794975139903246919232690600222027430786342472605057,297.35969094080724,4.12826041414459e-05,1.388305321774889e-07
20260919,float32,-0.9,-0.8999999761581421,10,187.2595672607422,187.25933542827764,187.2593354282776345097897115226884669245418755922996731251866945713618266459643376152288943256204283,187.25933542827764,0.00023183246455299022,1.2380288759584143e-06
20260919,float32,-0.5,-0.5,0,-0.07762668281793594,-0.07762668563084978,-0.07762668563084977949687106734929105909396147738412474339900724259020106022468407156792881280858766494,0.07762668563084978,2.8129138358933552e-09,2.8129138358933552e-09
20260919,float32,-0.5,-0.5,1,-0.09024297446012497,-0.09024296624455286,-0.09024296624455286257792343666033244552799853638693191696893396613890645843768128479286824702231505816,0.09024296624455286,8.215572106904498e-09,8.215572106904498e-09
20260919,float32,-0.5,-0.5,2,-0.027656208723783493,-0.027656213401957265,-0.027656213401957264884702506982699426937252112894098357467915211902817488111892887830791746389309894,0.027656213401957265,4.6781737718427105e-09,4.6781737718427105e-09
20260919,float32,-0.5,-0.5,3,0.03638496622443199,0.036384955173656204,0.03638495517365620177638233379959989731724114381357399276604893611401075071855384744829969130912268883,0.036384955173656204,1.1050775789800766e-08,1.1050775789800766e-08
20260919,float32,-0.5,-0.5,4,0.05731190741062164,0.05731193837054787,0.05731193837054786914386469269770268471582879541966915187404083626141874805512201648063055680284000336,0.05731193837054787,3.095992622607746e-08,3.095992622607746e-08
20260919,float32,-0.5,-0.5,5,-0.2801879048347473,-0.2801879021522794,-0.2801879021522793922675632817717590391431324780174514767050422875915097629831425315182141282967350069,0.2801879021522794,2.6824679221855617e-09,2.6824679221855617e-09
20260919,float32,-0.5,-0.5,6,-0.44300517439842224,-0.4430054187578382,-0.4430054187578382192423241410235232226165307970622403501266128525172943140426608310738722529163436505,0.4430054187578382,2.443594159780314e-07,2.443594159780314e-07
20260919,float32,-0.5,-0.5,7,8.822707176208496,8.82270441662094,8.822704416620940519240667463626964224352663169407556639783843225366421705030105385501719018322536515,8.82270441662094,2.7595875555745095e-06,3.127825012901679e-07
20260919,float32,-0.5,-0.5,8,13.49230670928955,13.492316540008702,13.49231654000870083254797365606500137396140865201097873201320178682573523015700731022273190762344976,13.492316540008702,9.830719150051298e-06,7.286161068709227e-07
20260919,float32,-0.5,-0.5,9,-356.62042236328125,-356.6203902433659,-356.620390243365892280246817584783835147029334944833852672147208122876049765521831517058521495420659,356.6203902433659,3.211991535771975e-05,9.006752344082287e-08
20260919,float32,-0.5,-0.5,10,-464.6717834472656,-464.6719169199602,-464.6719169199601930835093520037111080895648698005293161787233507781341561089370270875366087126924071,464.6719169199602,0.0001334726945680835,2.8724071696175734e-07
20260919,float32,0.0,0.0,0,-0.12536734342575073,-0.12536734940072386,-0.1253673494007238570278890628728358460584616013617002177957195531979641527062648702097493966082548895,0.12536734940072386,5.974973124606014e-09,5.974973124606014e-09
20260919,float32,0.0,0.0,1,-0.0989939421415329,-0.09899395146377575,-0.09899395146377574450857981694024406769665066076659840789705747545604343568710498877528455781390879609,0.09899395146377575,9.322242846559362e-09,9.322242846559362e-09
20260919,float32,0.0,0.0,2,-0.007206094451248646,-0.007206094714989584,-0.007206094714989584008313808223482112593199152589018213478527114247338852149135687764388963827589807837,0.007206094714989584,2.6374093822584313e-10,2.6374093822584313e-10
20260919,float32,0.0,0.0,3,0.04042888060212135,0.04042887577309032,0.04042887577309031739849710533039883032360990761229633477190619842169148797897518645075005420229996235,0.04042887577309032,4.829031035750917e-09,4.829031035750917e-09
20260919,float32,0.0,0.0,4,0.0026557554956525564,0.002655764992805429,0.002655764992805428969347854200532736237080838015871220211331222486968748606545162370769230022051115535,0.002655764992805429,9.497152872549975e-09,9.497152872549975e-09
20260919,float32,0.0,0.0,5,0.1622544676065445,0.16225456701037924,0.1622545670103792463489953327131290622999780181463119132672213770539642363800606862457263378457179746,0.16225456701037924,9.940383475172009e-08,9.940383475172009e-08
20260919,float32,0.0,0.0,6,0.6765133738517761,0.6765131602880015,0.6765131602880014888356978733818964138845480090484224630474496708533686547012745578178719073885490371,0.6765131602880015,2.1356377463421117e-07,2.1356377463421117e-07
20260919,float32,0.0,0.0,7,-6.288757801055908,-6.288757848181591,-6.288757848181591528475095873750021596429275689464052599202442334827439568527534045194491721016436009,6.288757848181591,4.7125683325350096e-08,7.493639358204354e-09
20260919,float32,0.0,0.0,8,-13.566444396972656,-13.566434951464537,-13.56643495146453622248185576858856118159863139335739333960857542936464050183135474003825345532338368,13.566434951464537,9.445508120027518e-06,6.962409913746609e-07
20260919,float32,0.0,0.0,9,206.4390411376953,206.4389890161912,206.4389890161911844393562859522527660644092463908246041955558191852881168384678554284793428528866075,206.4389890161912,5.2121504128060645e-05,2.524789739402023e-07
20260919,float32,0.0,0.0,10,-180.045166015625,-180.04544862030286,-180.0454486203028712681559311312239856032374938256000323070149599341966844855738034027682923601414806,180.04544862030286,0.00028260467787126817,1.5696296687135482e-06
20260919,float32,0.5,0.5,0,-0.17486901581287384,-0.17486902467141105,-0.1748690246714110446709994951672028980025249779674689865331527999488910341711607638634471574871930551,0.17486902467141105,8.858537204338967e-09,8.858537204338967e-09
20260919,float32,0.5,0.5,1,-0.09702902287244797,-0.09702903811282221,-0.09702903811282220108489952787945851710973791505209417510059285477199109448714716446696103160162643513,0.09702903811282221,1.5240374233555604e-08,1.5240374233555604e-08
20260919,float32,0.5,0.5,2,0.016829419881105423,0.016829427958549095,0.01682942795854909650518608697638472234284448157104892932282969503558417373904626356601758267510053812,0.016829427958549095,8.077443673531553e-09,8.077443673531553e-09
20260919,float32,0.5,0.5,3,0.060022756457328796,0.06002276041233404,0.06002276041233404150613125574983273798434171080329687310110724677175586877729050048814226737745449237,0.06002276041233404,3.955005245119412e-09,3.955005245119412e-09
20260919,float32,0.5,0.5,4,0.045825693756341934,0.04582566991245289,0.04582566991245288817082692540036239299934055460343347952246120314170587228034178931906113548381111444,0.04582566991245289,2.3843889046033275e-08,2.3843889046033275e-08
20260919,float32,0.5,0.5,5,-0.1554197072982788,-0.15541964041588166,-0.15541964041588167316416104790114210204105569310251952244686424244481650196918053627193621381189811,0.15541964041588166,6.688239713542958e-08,6.688239713542958e-08
20260919,float32,0.5,0.5,6,-1.1711719036102295,-1.171172164348126,-1.171172164348126153910498997976158761222054477092872450117367788646028651393748344265614168834447964,1.171172164348126,2.60737896661723e-07,2.2262986143190107e-07
20260919,float32,0.5,0.5,7,1.781206488609314,1.781206886909071,1.781206886909070939380368260778566843186286571692571382473601881740703854254245871943783097811004846,1.781206886909071,3.9829975697453663e-07,2.2361229338479953e-07
20260919,float32,0.5,0.5,8,21.74721336364746,21.747217524907104,21.74721752490710276579687883094366096647166878943533579594436021613977973356717070695350607672658106,21.747217524907104,4.1612596418282965e-06,1.9134676135291348e-07
20260919,float32,0.5,0.5,9,-59.40287780761719,-59.402907185414136,-59.40290718541413750242380649351570612996588889476013471069110234546492844144828773181333493256513638,59.402907185414136,2.9377796950002424e-05,4.945515016345174e-07
20260919,float32,0.5,0.5,10,-341.5343322753906,-341.5343327588272,-341.5343327588271948849734534105046032009313776801442440231850653729586905002070198224267574525656262,341.5343327588272,4.834365698849734e-07,1.4154845458138752e-09
20260919,float32,0.9,0.8999999761581421,0,-0.21166421473026276,-0.21166420365216657,-0.2116642036521665723387745966781790336692232515329891945731607760561761810015659047781030788465255714,0.21166420365216657,1.1078096184008882e-08,1.1078096184008882e-08
20260919,float32,0.9,0.8999999761581421,1,-0.08525630086660385,-0.0852563174516215,-0.08525631745162149951798107602119799527822344877708909820850109489198767685605777671774187070837138542,0.0852563174516215,1.658501764819962e-08,1.658501764819962e-08
20260919,float32,0.9,0.8999999761581421,2,0.04184970632195473,0.0418497133078938,0.04184971330789379452233709762714454102064837086775546927235373688978002656876483035445779639172374915,0.0418497133078938,6.985939067349486e-09,6.985939067349486e-09
20260919,float32,0.9,0.8999999761581421,3,0.056764040142297745,0.056764038782549785,0.05676403878254978786015560379548811431440447211855403824689173388808478765500491124978880383298081915,0.056764038782549785,1.359747956890821e-09,1.359747956890821e-09
20260919,float32,0.9,0.8999999761581421,4,-0.07423952221870422,-0.0742395281303857,-0.07423952813038569624503220274473597540202884393387272006589148876937964603354596849750350084758263552,0.0742395281303857,5.91168147261222e-09,5.91168147261222e-09
20260919,float32,0.9,0.8999999761581421,5,-0.3311298191547394,-0.33112989190367714,-0.3311298919036771548164047612111163488859445215681956934485543211984752471937069604430979738419545484,0.33112989190367714,7.274893777493359e-08,7.274893777493359e-08
20260919,float32,0.9,0.8999999761581421,6,0.44628459215164185,0.44628467017825574,0.4462846701782557564927808130169936286372652683618000361802830046701549861376037139997576103437140526,0.44628467017825574,7.802661391078966e-08,7.802661391078966e-08
20260919,float32,0.9,0.8999999761581421,7,4.128353118896484,4.128353996379946,4.128353996379946059361612193687354308118877190381500178016417244085582166791778395054069442070396538,4.128353996379946,8.774834616843616e-07,2.1255044079403213e-07
20260919,float32,0.9,0.8999999761581421,8,-9.141271591186523,-9.141269943022248,-9.141269943022248935622640501216805285696630613119538844486262009708002853573743965257669106713681548,9.141269943022248,1.6481642745018773e-06,1.8029926747322027e-07
20260919,float32,0.9,0.8999999761581421,9,-52.4899787902832,-52.49001231235902,-52.4900123123590178765954018124118023014164706319312713481372713713467754799495240093009208344904144,52.49001231235902,3.3522075814751594e-05,6.386372252166279e-07
20260919,float32,0.9,0.8999999761581421,10,236.0924530029297,236.09242066756312,236.0924206675631073747465772896353882706069404090899757454763156947703055192430942268528067505302817,236.09242066756312,3.233536658012525e-05,1.3696062960723343e-07
20260919,float64,-0.9,-0.9,0,-0.044050003600294665,-0.04405000360029468,-0.04405000360029467669991387553372842158271357742572202385830998899725989599401161771157112771838709304,0.04405000360029468,1.1259818077330327e-17,1.1259818077330327e-17
20260919,float64,-0.9,-0.9,1,-0.07710122966023354,-0.07710122966023358,-0.07710122966023358069517509870162625048755103608473918107621371175760409330713276907427371668871315838,0.07710122966023358,3.895458686196686e-17,3.895458686196686e-17
20260919,float64,-0.9,-0.9,2,-0.03568914414339695,-0.03568914414339697,-0.03568914414339697035889636792335258138336486168773163959952304379702520777046015607346502062150068164,0.03568914414339697,1.7290570695802943e-17,1.7290570695802943e-17
20260919,float64,-0.9,-0.9,3,0.002422025169178735,0.0024220251691787604,0.002422025169178760413892607592748459202741162478545670433445142588057113926853482922917087348602348317,0.0024220251691787604,2.5197684864684226e-17,2.5197684864684226e-17
20260919,float64,-0.9,-0.9,4,0.0768109639829793,0.07681096398297937,0.07681096398297937690625109041603096307628892620687235837740942152712369222109891792859948913662291761,0.07681096398297937,7.185264000497509e-17,7.185264000497509e-17
20260919,float64,-0.9,-0.9,5,0.2048451543667494,0.20484515436674916,0.2048451543667491498908247763162812976019492822256527967311948000609059710376645826917711144877745645,0.20484515436674916,2.6024445961639257e-16,2.6024445961639257e-16
20260919,float64,-0.9,-0.9,6,-0.7906190664681,-0.790619066468101,-0.7906190664681009361627490368821999396658587279063943840300119739401697919533244683422327147213936965,0.790619066468101,9.514946770257642e-16,9.514946770257642e-16
20260919,float64,-0.9,-0.9,7,-6.795391668674369,-6.79539166867437,-6.795391668674369649283251892834453750893105214358854926065487464504951157024520139398648304826323211,6.79539166867437,9.256260987243742e-16,1.3621379662210747e-16
20260919,float64,-0.9,-0.9,8,12.198546444645732,12.198546444645757,12.19854644464575627334157241733979436601427469067575728966676048136868681085941293877062494903522242,12.198546444645757,2.4150306085979028e-14,1.9797691631185446e-15
20260919,float64,-0.9,-0.9,9,297.35968647619256,297.3596864761924,297.3596864761923912683296309091143737667910492385355354856897654039062946210502664932825449437305524,297.3596864761924,1.731732600076817e-13,5.823696616708214e-16
20260919,float64,-0.9,-0.9,10,187.25970481125557,187.25970481125447,187.2597048112544534691375003003076869430866672426097254887698403782989229693953710136508757906456462,187.25970481125447,1.1205171352929629e-12,5.983760021529303e-15
20260919,float64,-0.5,-0.5,0,-0.07762668563084978,-0.07762668563084978,-0.07762668563084977949687106734929105909396147738412474339900724259020106022468407156792881280858766494,0.07762668563084978,3.476025713152937e-18,3.476025713152937e-18
20260919,float64,-0.5,-0.5,1,-0.09024296624455284,-0.09024296624455286,-0.09024296624455286257792343666033244552799853638693191696893396613890645843768128479286824702231505816,0.09024296624455286,1.8476211695073565e-17,1.8476211695073565e-17
20260919,float64,-0.5,-0.5,2,-0.027656213401957255,-0.027656213401957265,-0.027656213401957264884702506982699426937252112894098357467915211902817488111892887830791746389309894,0.027656213401957265,1.0274061150120411e-17,1.0274061150120411e-17
20260919,float64,-0.5,-0.5,3,0.03638495517365622,0.036384955173656204,0.03638495517365620177638233379959989731724114381357399276604893611401075071855384744829969130912268883,0.036384955173656204,1.617631114746607e-17,1.617631114746607e-17
20260919,float64,-0.5,-0.5,4,0.05731193837054783,0.05731193837054787,0.05731193837054786914386469269770268471582879541966915187404083626141874805512201648063055680284000336,0.05731193837054787,4.0840772617722494e-17,4.0840772617722494e-17
20260919,float64,-0.5,-0.5,5,-0.28018790215227957,-0.2801879021522794,-0.2801879021522793922675632817717590391431324780174514767050422875915097629831425315182141282967350069,0.2801879021522794,1.742579867989971e-16,1.742579867989971e-16
20260919,float64,-0.5,-0.5,6,-0.44300541875783817,-0.4430054187578382,-0.4430054187578382192423241410235232226165307970622403501266128525172943140426608310738722529163436505,0.4430054187578382,5.3986632776004804e-17,5.3986632776004804e-17
20260919,float64,-0.5,-0.5,7,8.82270441662094,8.82270441662094,8.822704416620940519240667463626964224352663169407556639783843225366421705030105385501719018322536515,8.82270441662094,2.261261951666067e-16,2.563003184608695e-17
20260919,float64,-0.5,-0.5,8,13.492316540008703,13.492316540008702,13.49231654000870083254797365606500137396140865201097873201320178682573523015700731022273190762344976,13.492316540008702,2.4524771752874673e-15,1.8176842857304366e-16
20260919,float64,-0.5,-0.5,9,-356.6203902433658,-356.6203902433659,-356.620390243365892280246817584783835147029334944833852672147208122876049765521831517058521495420659,356.6203902433659,7.367472139846877e-14,2.0659144405117007e-16
20260919,float64,-0.5,-0.5,10,-464.6719169199597,-464.6719169199602,-464.6719169199601930835093520037111080895648698005293161787233507781341561089370270875366087126924071,464.6719169199602,4.940396798923067e-13,1.063201071342999e-15
20260919,float64,0.0,0.0,0,-0.12536734940072383,-0.12536734940072386,-0.1253673494007238570278890628728358460584616013617002177957195531979641527062648702097493966082548895,0.12536734940072386,2.498542996904549e-17,2.498542996904549e-17
20260919,float64,0.0,0.0,1,-0.09899395146377576,-0.09899395146377575,-0.09899395146377574450857981694024406769665066076659840789705747545604343568710498877528455781390879609,0.09899395146377575,1.9979127148215423e-17,1.9979127148215423e-17
20260919,float64,0.0,0.0,2,-0.007206094714989565,-0.007206094714989584,-0.007206094714989584008313808223482112593199152589018213478527114247338852149135687764388963827589807837,0.007206094714989584,1.9364510442383625e-17,1.9364510442383625e-17
20260919,float64,0.0,0.0,3,0.040428875773090345,0.04042887577309032,0.04042887577309031739849710533039883032360990761229633477190619842169148797897518645075005420229996235,0.04042887577309032,2.7348876486996368e-17,2.7348876486996368e-17
20260919,float64,0.0,0.0,4,0.002655764992805373,0.002655764992805429,0.002655764992805428969347854200532736237080838015871220211331222486968748606545162370769230022051115535,0.002655764992805429,5.577270965746943e-17,5.577270965746943e-17
20260919,float64,0.0,0.0,5,0.16225456701037927,0.16225456701037924,0.1622545670103792463489953327131290622999780181463119132672213770539642363800606862457263378457179746,0.16225456701037924,2.286061252266005e-17,2.286061252266005e-17
20260919,float64,0.0,0.0,6,0.6765131602880018,0.6765131602880015,0.6765131602880014888356978733818964138845480090484224630474496708533686547012745578178719073885490371,0.6765131602880015,3.025291224186921e-16,3.025291224186921e-16
20260919,float64,0.0,0.0,7,-6.288757848181591,-6.288757848181591,-6.288757848181591528475095873750021596429275689464052599202442334827439568527534045194491721016436009,6.288757848181591,4.1380825179587605e-16,6.580126978740796e-17
20260919,float64,0.0,0.0,8,-13.566434951464549,-13.566434951464537,-13.56643495146453622248185576858856118159863139335739333960857542936464050183135474003825345532338368,13.566434951464537,1.2807738185690372e-14,9.440754502941644e-16
20260919,float64,0.0,0.0,9,206.4389890161914,206.4389890161912,206.4389890161911844393562859522527660644092463908246041955558191852881168384678554284793428528866075,206.4389890161912,2.2939954026521723e-13,1.1112219709970833e-15
20260919,float64,0.0,0.0,10,-180.04544862030338,-180.04544862030286,-180.0454486203028712681559311312239856032374938256000323070149599341966844855738034027682923601414806,180.04544862030286,5.03996328271358e-13,2.7992728065802644e-15
20260919,float64,0.5,0.5,0,-0.17486902467141102,-0.17486902467141105,-0.1748690246714110446709994951672028980025249779674689865331527999488910341711607638634471574871930551,0.17486902467141105,2.2761493305835908e-17,2.2761493305835908e-17
20260919,float64,0.5,0.5,1,-0.09702903811282221,-0.09702903811282221,-0.09702903811282220108489952787945851710973791505209417510059285477199109448714716446696103160162643513,0.09702903811282221,6.832774194597589e-18,6.832774194597589e-18
20260919,float64,0.5,0.5,2,0.01682942795854909,0.016829427958549095,0.01682942795854909650518608697638472234284448157104892932282969503558417373904626356601758267510053812,0.016829427958549095,8.209627127205016e-18,8.209627127205016e-18
20260919,float64,0.5,0.5,3,0.06002276041233408,0.06002276041233404,0.06002276041233404150613125574983273798434171080329687310110724677175586877729050048814226737745449237,0.06002276041233404,3.648900218541366e-17,3.648900218541366e-17
20260919,float64,0.5,0.5,4,0.04582566991245291,0.04582566991245289,0.04582566991245288817082692540036239299934055460343347952246120314170587228034178931906113548381111444,0.04582566991245289,2.3099057555870857e-17,2.3099057555870857e-17
20260919,float64,0.5,0.5,5,-0.15541964041588185,-0.15541964041588166,-0.15541964041588167316416104790114210204105569310251952244686424244481650196918053627193621381189811,0.15541964041588166,1.813585339457466e-16,1.813585339457466e-16
20260919,float64,0.5,0.5,6,-1.1711721643481259,-1.171172164348126,-1.171172164348126153910498997976158761222054477092872450117367788646028651393748344265614168834447964,1.171172164348126,2.7691240216980186e-16,2.3644038903872953e-16
20260919,float64,0.5,0.5,7,1.7812068869090725,1.781206886909071,1.781206886909070939380368260778566843186286571692571382473601881740703854254245871943783097811004846,1.781206886909071,1.5338214633382204e-15,8.611135936038634e-16
20260919,float64,0.5,0.5,8,21.7472175249071,21.747217524907104,21.74721752490710276579687883094366096647166878943533579594436021613977973356717070695350607672658106,21.747217524907104,2.7377658970555706e-15,1.2589039926234266e-16
20260919,float64,0.5,0.5,9,-59.402907185414186,-59.402907185414136,-59.40290718541413750242380649351570612996588889476013471069110234546492844144828773181333493256513638,59.402907185414136,4.862843244461774e-14,8.186204135234315e-16
20260919,float64,0.5,0.5,10,-341.53433275882685,-341.5343327588272,-341.5343327588271948849734534105046032009313776801442440231850653729586905002070198224267574525656262,341.5343327588272,3.4549945952934823e-13,1.0116097457567203e-15
20260919,float64,0.9,0.9,0,-0.2116642056848356,-0.21166420568483557,-0.2116642056848355689621754552818938625793314857855622682589761881956660530825469616454566784433881006,0.21166420568483557,3.0090642200947417e-17,3.0090642200947417e-17
20260919,float64,0.9,0.9,1,-0.08525631645384657,-0.08525631645384657,-0.08525631645384656418784179607693389568663966743367491328643990056138108442374411048250007411272416184,0.08525631645384657,5.903615328285998e-18,5.903615328285998e-18
20260919,float64,0.9,0.9,2,0.041849714661253944,0.04184971466125392,0.0418497146612539217427590099269486619410210273867009282568685676904944969341322233638646453162674462,0.04184971466125392,2.1883358991548386e-17,2.1883358991548386e-17
20260919,float64,0.9,0.9,3,0.05676403701254142,0.05676403701254141,0.05676403701254141109722840347627901373805656637830460764237225046786984596443137994926241713181083926,0.05676403701254141,1.1491578790484469e-17,1.1491578790484469e-17
20260919,float64,0.9,0.9,4,-0.07423953602513747,-0.07423953602513741,-0.07423953602513740932872023096245970980425693676875877009228325059060344277161231682787364641359069685,0.07423953602513741,6.096995351653055e-17,6.096995351653055e-17
20260919,float64,0.9,0.9,5,-0.33112988126342036,-0.3311298812634203,-0.331129881263420277687215688945821439748975408909033239017065805907479960845483945302335162945712664,0.3311298812634203,7.819856914035152e-17,7.819856914035152e-17
20260919,float64,0.9,0.9,6,0.44628476860588356,0.4462847686058826,0.4462847686058826345717328013616565545955499014877173664909232320720042642836244236571408538463872437,0.4462847686058826,9.293249640404045e-16,9.293249640404045e-16
20260919,float64,0.9,0.9,7,4.128353778435073,4.128353778435072,4.12835377843507183790779245705851943983581426651804061970180502967011326487464150736341329515758882,4.128353778435072,7.251055713762478e-16,1.7564036666719788e-16
20260919,float64,0.9,0.9,8,-9.14127119448161,-9.141271194481599,-9.141271194481598253249017808926367090827596168779413375720528939000570802353047258390530522292350185,9.141271194481599,1.0932551134963646e-14,1.1959552344933609e-15
20260919,float64,0.9,0.9,9,-52.49000668347707,-52.49000668347708,-52.49000668347707566224429384382241355500425686959618118424831923233026778874075439399009354254250899,52.49000668347708,5.891228772006424e-15,1.1223524522546647e-16
20260919,float64,0.9,0.9,10,236.0924198078285,236.09241980782838,236.0924198078283739257007953353602446178224914718874305768984019318812049004992800606854381901014805,236.09241980782838,1.1775893064917843e-13,4.987831915358842e-16
20260920,float32,-0.9,-0.8999999761581421,0,0.11471927165985107,0.11471927314231233,0.1147192731423123299397121742484543461006239921535472026073215335216576311122669527590134324593156721,0.11471927314231233,1.4824612557209621e-09,1.4824612557209621e-09
20260920,float32,-0.9,-0.8999999761581421,1,-0.13184279203414917,-0.13184278091402551,-0.1318427809140255106814054124141776041785776375467932350830719805051475843252279163619272922705980229,0.13184278091402551,1.112012365924047e-08,1.112012365924047e-08
20260920,float32,-0.9,-0.8999999761581421,2,-0.12394007295370102,-0.12394006443758458,-0.1239400644375845782860661849724655965177852012475153875338205584336370902256139401799175960185009206,0.12394006443758458,8.516116441001042e-09,8.516116441001042e-09
20260920,float32,-0.9,-0.8999999761581421,3,0.0332840234041214,0.03328401890819415,0.03328401890819414762707377585217544735572447347521409766366520336143933138619305513425205294838643737,0.03328401890819415,4.495927251298708e-09,4.495927251298708e-09
20260920,float32,-0.9,-0.8999999761581421,4,0.39172208309173584,0.3917220157135557,0.3917220157135556762393789312229561088479239854315888725564973594623949011917561118482357582133657616,0.3917220157135557,6.737818016360437e-08,6.737818016360437e-08
20260920,float32,-0.9,-0.8999999761581421,5,0.5534857511520386,0.553485698779292,0.5534856987792919425442060550014833075423924444262029417413967656004493206341194423880565662663409129,0.553485698779292,5.237274663167454e-08,5.237274663167454e-08
20260920,float32,-0.9,-0.8999999761581421,6,-1.7431882619857788,-1.7431877045503323,-1.743187704550332262537427632459079705947559904917225588314140986631126211015824537484370178864190363,1.7431877045503323,5.574354465460563e-07,3.197793588670652e-07
20260920,float32,-0.9,-0.8999999761581421,7,-10.645301818847656,-10.6453009133502,-10.64530091335019896609370594913726343589146780105711580409572745895225747566755430458781847044577571,10.6453009133502,9.054974572839063e-07,8.50607666851698e-08
20260920,float32,-0.9,-0.8999999761581421,8,-1.99342942237854,-1.9934326733580787,-1.993432673358078721894634974042694431600790085547057046572866571585826035348190876452120901853783076,1.9934326733580787,3.250979538682832e-06,1.630844914970881e-06
20260920,float32,-0.9,-0.8999999761581421,9,220.2120361328125,220.21195995477115,220.2119599547711448020281341197194156007676933514973279065165514890215995682277598944329727696996008,220.21195995477115,7.617804135519797e-05,3.459305360655435e-07
20260920,float32,-0.9,-0.8999999761581421,10,668.7679443359375,668.7678891424047,668.7678891424047040521759073004315084458539450125068424746887884586815262895915594059360934955169672,668.7678891424047,5.519353279594782e-05,8.253017779715069e-08
20260920,float32,-0.5,-0.5,0,0.05287379026412964,0.05287381737557266,0.05287381737557266254774611445580891186605753213663601188993702075215569990640312051251075459212333737,0.05287381737557266,2.711144302387587e-08,2.711144302387587e-08
20260920,float32,-0.5,-0.5,1,-0.17419345676898956,-0.17419345508794254,-0.1741934550879425261283779236738452347073893276199921431735793023865661563701523223559761887522304413,0.17419345508794254,1.6810470368599032e-09,1.6810470368599032e-09
20260920,float32,-0.5,-0.5,2,-0.07608729600906372,-0.07608728226688945,-0.07608728226688945383149508357474857294511411797473399610070517752863199878256407341783987579789457525,0.07608728226688945,1.3742174266871629e-08,1.3742174266871629e-08
20260920,float32,-0.5,-0.5,3,0.20547179877758026,0.2054718119923767,0.2054718119923767042321087430217486907224217077526454763014210902961140400914439155433260811368312952,0.2054718119923767,1.321479644300164e-08,1.321479644300164e-08
20260920,float32,-0.5,-0.5,4,0.3779289722442627,0.3779289757713064,0.37792897577130643394805063120620469868529171859458461700375509589487005985429541585147417944808005,0.3779289757713064,3.5270437386355507e-09,3.5270437386355507e-09
20260920,float32,-0.5,-0.5,5,-0.7716700434684753,-0.7716701424112882,-0.7716701424112881278078182956322314359450031646974072188803064325865597252522909240116253176188542358,0.7716701424112882,9.894281278601094e-08,9.894281278601094e-08
20260920,float32,-0.5,-0.5,6,-3.8083226680755615,-3.808322919127577,-3.808322919127576988778676045412903371972247272143305312972068991587980896417796124659656081753483619,3.808322919127577,2.510520154653412e-07,6.592193487700697e-08
20260920,float32,-0.5,-0.5,7,4.459308624267578,4.459308848154795,4.459308848154795521226161543040253623167022906110816285572965321428416341610974802079249269423628165,4.459308848154795,2.2388721739622615e-07,5.020670803926662e-08
20260920,float32,-0.5,-0.5,8,53.823368072509766,53.82337324575807,53.82337324575806807444076999413551208361997749733901869468253871915260134725557131922641926955908771,53.82337324575807,5.173248302449441e-06,9.61152746563902e-08
20260920,float32,-0.5,-0.5,9,-83.46475219726562,-83.46473641959629,-83.46473641959628736536152102561342474014138157388026981137351647571120820373677951084093274422995034,83.46473641959629,1.577766933763464e-05,1.890339563084066e-07
20260920,float32,-0.5,-0.5,10,-994.7459716796875,-994.7459855311179,-994.745985531117915824458955516219570219369555154948358754756792581421649323520574472739211313164581,994.7459855311179,1.3851430415824459e-05,1.3924590415339911e-08
20260920,float32,0.0,0.0,0,-0.038741059601306915,-0.03874105674182258,-0.03874105674182257694411167174387983118453383685742222416185294479377005735705212898359667701596159379,0.03874105674182258,2.8594843383390913e-09,2.8594843383390913e-09
20260920,float32,0.0,0.0,1,-0.18151187896728516,-0.18151191208442238,-0.1815119120844223884180100108268038450346638911478287290668427332198098358590746707043476962915630448,0.18151191208442238,3.311713723216801e-08,3.311713723216801e-08
20260920,float32,0.0,0.0,2,0.05004318803548813,0.050043196638412765,0.05004319663841276626772943168927372715929304979635155623672913109204221299863054998386806921922147426,0.050043196638412765,8.60292463760562e-09,8.60292463760562e-09
20260920,float32,0.0,0.0,3,0.241683229804039,0.24168320821849534,0.241683208218495336259011513006611925406506409719194714388694691746884571916334863250461709399074645,0.24168320821849534,2.1585543665205833e-08,2.1585543665205833e-08
20260920,float32,0.0,0.0,4,-0.28233352303504944,-0.2823335528481126,-0.282333552848112636068517502873295138056323998989661345183830032882644091958064116051618677119392195,0.2823335528481126,2.9813063197591955e-08,2.9813063197591955e-08
20260920,float32,0.0,0.0,5,-1.3163717985153198,-1.3163720463217277,-1.316372046321727567365961025996457388336312628218846269714002954036578675206087830817307924861233925,1.3163720463217277,2.478064077431472e-07,1.8824952142943193e-07
20260920,float32,0.0,0.0,6,2.5465404987335205,2.5465401423664193,2.546540142366419358954386226962058419394232334537050813125600692100411269723948453567437004925258627,2.5465401423664193,3.563671011488581e-07,1.399416782088098e-07
20260920,float32,0.0,0.0,7,15.113191604614258,15.113193583922955,15.11319358392295527364235201351696810013758462452527398142940028759729389524865595515835729544191613,15.113193583922955,1.9793086974611425e-06,1.309656153393471e-07
20260920,float32,0.0,0.0,8,-21.421396255493164,-21.421390952046004,-21.42139095204600359185791161317742953961189461824472465973220611948557183546640636804128824792828865,21.421390952046004,5.303447160470642e-06,2.475771611816878e-07
20260920,float32,0.0,0.0,9,-280.8305969238281,-280.8306517709676,-280.8306517709675952920031880299812645199722729984636489598486099981457377743609005214578964361944224,280.8306517709676,5.4847139470292003e-05,1.953032517085164e-07
20260920,float32,0.0,0.0,10,-801.0775146484375,-801.0785328934272,-801.0785328934272112355024726711115403392169432241859968017086113637563789875557503236202181448803726,801.0785328934272,0.0010182449897112355,1.2710925931736326e-06
20260920,float32,0.5,0.5,0,-0.11920955032110214,-0.11920956390065308,-0.1192095639006530874223556746327153395666483959831670266467949985981217089898250488475624518175359007,0.11920956390065308,1.3579550945088372e-08,1.3579550945088372e-08
20260920,float32,0.5,0.5,1,-0.1346602886915207,-0.13466029048619613,-0.1346602904861961150016562174206756901575719235983046248564862097266471956847947805986061208200402111,0.13466029048619613,1.7946754240836874e-09,1.7946754240836874e-09
20260920,float32,0.5,0.5,2,0.11782357841730118,0.11782355555738148,0.1178235555573814867733615322401064565975490233171926423243326535741124178596731306315838193619787317,0.11782355555738148,2.2859919691205154e-08,2.2859919691205154e-08
20260920,float32,0.5,0.5,3,0.016661640256643295,0.01666165425832867,0.01666165425832866779886883227194799661347198509993157281528725369296784417889891830537897551658999537,0.01666165425832867,1.4001685372510782e-08,1.4001685372510782e-08
20260920,float32,0.5,0.5,4,-0.4342147409915924,-0.4342147013973213,-0.4342147013973213265993330850479474660698772789293208325975434472552413334037934339337720953422542097,0.4342147013973213,3.959427108062723e-08,3.959427108062723e-08
20260920,float32,0.5,0.5,5,0.7346656918525696,0.7346656711722497,0.7346656711722497255181709592358308716311502006038934237676676534170667089309421514334201402121689608,0.7346656711722497,2.0680319854559953e-08,2.0680319854559953e-08
20260920,float32,0.5,0.5,6,2.7845332622528076,2.7845331880635955,2.78453318806359540998086622186932227333397876326411071567224037303490048662241212666081023759912357,2.7845331880635955,7.418921220720663e-08,2.6643321230729838e-08
20260920,float32,0.5,0.5,7,-15.244038581848145,-15.244036745323967,-15.24403674532396759397655942709744654821496261407066622170468992811804999299415271490440560381123952,15.244036745323967,1.8365241769372734e-06,1.204749245635752e-07
20260920,float32,0.5,0.5,8,-25.385889053344727,-25.38589612383972,-25.38589612383972154401701824372323190196850041679122909547582761936660420960425297683919542279251428,25.38589612383972,7.070494994981517e-06,2.7852059901646186e-07
20260920,float32,0.5,0.5,9,415.41607666015625,415.41607914652707,415.4160791465270814207703069747964512278075581080832488337537567341499799210081841189973585216355148,415.41607914652707,2.48637083142077e-06,5.9852541975000644e-09
20260920,float32,0.5,0.5,10,218.43016052246094,218.430466578895,218.4304665788950004063919850492938821882212968578341533052035226095795310695417449659994942266387416,218.430466578895,0.0003060564340629064,1.4011618381649233e-06
20260920,float32,0.9,0.8999999761581421,0,-0.1638597846031189,-0.16385977756468387,-0.1638597775646838641071029777730578763161870729187418225027585351001263413974198313272285164687065543,0.16385977756468387,7.038435032377272e-09,7.038435032377272e-09
20260920,float32,0.9,0.8999999761581421,1,-0.08989682048559189,-0.08989682136141297,-0.08989682136141297590103685526131267105687540827893154046564023174835403654573378486606478566198473889,0.08989682136141297,8.758210874733025e-10,8.758210874733025e-10
20260920,float32,0.9,0.8999999761581421,2,0.09923984855413437,0.09923986537119957,0.09923986537119956551830338835339044515634978013585115365763755134283779466522102208423104342609959148,0.09923986537119957,1.681706519662182e-08,1.681706519662182e-08
20260920,float32,0.9,0.8999999761581421,3,-0.08478698134422302,-0.08478698723666882,-0.08478698723666882377535569610454301611936059967055721342615890533824014571020685346084392626896399783,0.08478698723666882,5.892445801314418e-09,5.892445801314418e-09
20260920,float32,0.9,0.8999999761581421,4,-0.07535157352685928,-0.07535163289281215,-0.07535163289281214183746414884514274259018312134632831540666887283327735904773217335278060116510351947,0.07535163289281215,5.93659528583902e-08,5.93659528583902e-08
20260920,float32,0.9,0.8999999761581421,5,0.7394371628761292,0.7394373151644373,0.7394373151644372983703945473284015491918474321106977380009653656418335087097990987688002093584821628,0.7394373151644373,1.5228830814797978e-07,1.5228830814797978e-07
20260920,float32,0.9,0.8999999761581421,6,-1.8228051662445068,-1.8228050600172099,-1.822805060017209953112824467353554665016633843821895918408543149281086713685898015465744370744366207,1.8228050600172099,1.0622729688282467e-07,5.8276827957577504e-08
20260920,float32,0.9,0.8999999761581421,7,-2.9570438861846924,-2.957045188813391,-2.957045188813391263346907218449154741912896968412855893953898721331862146356889173622085479870064372,2.957045188813391,1.3026286988805343e-06,4.405170079268406e-07
20260920,float32,0.9,0.8999999761581421,8,44.90595245361328,44.90595204074604,44.90595204074603358829505980308507494700048525467794716007374544138507527877983128445259890062405219,44.90595204074604,4.1286724766170493e-07,9.194042858440773e-09
20260920,float32,0.9,0.8999999761581421,9,-125.07413482666016,-125.07413498596716,-125.074134985967162526755240674295398128000423701419795574882682778039841886790648147572413964728149,125.07413498596716,1.5930700627675524e-07,1.2737006439790998e-09
20260920,float32,0.9,0.8999999761581421,10,-855.2775268554688,-855.2776467843743,-855.2776467843742460735232268756661679786564355892815395880745618658334658510675067525953487249342412,855.2776467843743,0.00011992890549607353,1.4022219094229297e-07
20260920,float64,-0.9,-0.9,0,0.11471927628568918,0.11471927628568915,0.1147192762856891466733814574752244843927235500745148495419819721678934893905030919295063401210275887,0.11471927628568915,2.900281532518533e-17,2.900281532518533e-17
20260920,float64,-0.9,-0.9,1,-0.1318427779590641,-0.1318427779590641,-0.131842777959064092772995660335293704093509719787360527634647388437706896021259715685120191117975433,0.1318427779590641,7.473071481262156e-18,7.473071481262156e-18
20260920,float64,-0.9,-0.9,2,-0.12394006523113735,-0.12394006523113732,-0.1239400652311373171791466600079758612863311052937173054100821290534538015784512432012848683707541901,0.12394006523113732,3.023322458125403e-17,3.023322458125403e-17
20260920,float64,-0.9,-0.9,3,0.033284009568813666,0.03328400956881366,0.03328400956881365731661077150576977250162497064385789199286241404992211093135513158455793118983103249,0.03328400956881366,8.807887469100275e-18,8.807887469100275e-18
20260920,float64,-0.9,-0.9,4,0.3917220025174279,0.3917220025174278,0.3917220025174277829063854229924109456208136662301318679822801681326197074204769143436588484903443627,0.3917220025174278,1.0899251916756946e-16,1.0899251916756946e-16
20260920,float64,-0.9,-0.9,5,0.5534857403401227,0.5534857403401225,0.5534857403401225182947091798139441237757438810714592748862595866251194618399781054690966824085653032,0.5534857403401225,1.3780545438750255e-16,1.3780545438750255e-16
20260920,float64,-0.9,-0.9,6,-1.7431874507465819,-1.7431874507465808,-1.743187450746580805780410556256939389541638158201360790171239479125485776296188079945705660222235382,1.7431874507465808,1.073321471339365e-15,6.157234959898762e-16
20260920,float64,-0.9,-0.9,7,-10.645300865823003,-10.645300865822998,-10.64530086582299778216238427653272124193366030329645296542534161690422575060430894490725785921341705,10.645300865822998,5.495747790525413e-15,5.162604476656595e-16
20260920,float64,-0.9,-0.9,8,-1.9934379236201534,-1.993437923620153,-1.993437923620152894973266464443347637017516788191117073347523445176492643307079812011429107560860738,1.993437923620153,4.786317686209041e-16,2.401036736331835e-16
20260920,float64,-0.9,-0.9,9,220.21194401010035,220.21194401010032,220.2119440101003373720524386800001655945607483460047639957323664450515917321141406169382896682251336,220.21194401010032,1.5980702170979314e-14,7.256964304464037e-17
20260920,float64,-0.9,-0.9,10,668.7680405376486,668.7680405376484,668.7680405376484330553828954726097839056447214442562039680247323392859232189639189865020670086124061,668.7680405376484,1.9750592417716686e-13,2.9532799446932935e-16
20260920,float64,-0.5,-0.5,0,0.052873817375572674,0.05287381737557266,0.05287381737557266254774611445580891186605753213663601188993702075215569990640312051251075459212333737,0.05287381737557266,1.1145793967784552e-17,1.1145793967784552e-17
20260920,float64,-0.5,-0.5,1,-0.1741934550879426,-0.17419345508794254,-0.1741934550879425261283779236738452347073893276199921431735793023865661563701523223559761887522304413,0.17419345508794254,6.856616098775236e-17,6.856616098775236e-17
20260920,float64,-0.5,-0.5,2,-0.07608728226688946,-0.07608728226688945,-0.07608728226688945383149508357474857294511411797473399610070517752863199878256407341783987579789457525,0.07608728226688945,7.226106723140207e-18,7.226106723140207e-18
20260920,float64,-0.5,-0.5,3,0.20547181199237677,0.2054718119923767,0.2054718119923767042321087430217486907224217077526454763014210902961140400914439155433260811368312952,0.2054718119923767,6.406449995923605e-17,6.406449995923605e-17
20260920,float64,-0.5,-0.5,4,0.37792897577130646,0.3779289757713064,0.37792897577130643394805063120620469868529171859458461700375509589487005985429541585147417944808005,0.3779289757713064,2.952338220371566e-17,2.952338220371566e-17
20260920,float64,-0.5,-0.5,5,-0.7716701424112882,-0.7716701424112882,-0.7716701424112881278078182956322314359450031646974072188803064325865597252522909240116253176188542358,0.7716701424112882,4.5726171424821744e-17,4.5726171424821744e-17
20260920,float64,-0.5,-0.5,6,-3.808322919127578,-3.808322919127577,-3.808322919127576988778676045412903371972247272143305312972068991587980896417796124659656081753483619,3.808322919127577,1.0435380294576224e-15,2.740151115380414e-16
20260920,float64,-0.5,-0.5,7,4.45930884815479,4.459308848154795,4.459308848154795521226161543040253623167022906110816285572965321428416341610974802079249269423628165,4.459308848154795,5.515290750952431e-15,1.2368039395240782e-15
20260920,float64,-0.5,-0.5,8,53.82337324575807,53.82337324575807,53.82337324575806807444076999413551208361997749733901869468253871915260134725557131922641926955908771,53.82337324575807,1.952581998050709e-15,3.627758500261958e-17
20260920,float64,-0.5,-0.5,9,-83.46473641959604,-83.46473641959629,-83.46473641959628736536152102561342474014138157388026981137351647571120820373677951084093274422995034,83.46473641959629,2.5096674554190174e-13,3.006859618896232e-15
20260920,float64,-0.5,-0.5,10,-994.7459855311183,-994.7459855311179,-994.745985531117915824458955516219570219369555154948358754756792581421649323520574472739211313164581,994.7459855311179,4.060628749218684e-13,4.082076035773716e-16
20260920,float64,0.0,0.0,0,-0.038741056741822544,-0.03874105674182258,-0.03874105674182257694411167174387983118453383685742222416185294479377005735705212898359667701596159379,0.03874105674182258,3.316997752515584e-17,3.316997752515584e-17
20260920,float64,0.0,0.0,1,-0.1815119120844224,-0.18151191208442238,-0.1815119120844223884180100108268038450346638911478287290668427332198098358590746707043476962915630448,0.18151191208442238,2.2566519950015533e-17,2.2566519950015533e-17
20260920,float64,0.0,0.0,2,0.05004319663841276,0.050043196638412765,0.05004319663841276626772943168927372715929304979635155623672913109204221299863054998386806921922147426,0.050043196638412765,7.98630713271106e-18,7.98630713271106e-18
20260920,float64,0.0,0.0,3,0.24168320821849537,0.24168320821849534,0.241683208218495336259011513006611925406506409719194714388694691746884571916334863250461709399074645,0.24168320821849534,3.490775591397812e-17,3.490775591397812e-17
20260920,float64,0.0,0.0,4,-0.2823335528481128,-0.2823335528481126,-0.282333552848112636068517502873295138056323998989661345183830032882644091958064116051618677119392195,0.2823335528481126,1.537773960365927e-16,1.537773960365927e-16
20260920,float64,0.0,0.0,5,-1.3163720463217277,-1.3163720463217277,-1.316372046321727567365961025996457388336312628218846269714002954036578675206087830817307924861233925,1.3163720463217277,9.502199599920646e-17,7.21847567826449e-17
20260920,float64,0.0,0.0,6,2.5465401423664207,2.5465401423664193,2.546540142366419358954386226962058419394232334537050813125600692100411269723948453567437004925258627,2.5465401423664193,1.3191894816902804e-15,5.180320780116976e-16
20260920,float64,0.0,0.0,7,15.113193583922955,15.113193583922955,15.11319358392295527364235201351696810013758462452527398142940028759729389524865595515835729544191613,15.113193583922955,7.486955471070835e-17,4.953920182055549e-18
20260920,float64,0.0,0.0,8,-21.42139095204602,-21.421390952046004,-21.42139095204600359185791161317742953961189461824472465973220611948557183546640636804128824792828865,21.421390952046004,1.7691337020425717e-14,8.258724683205494e-16
20260920,float64,0.0,0.0,9,-280.83065177096773,-280.8306517709676,-280.8306517709675952920031880299812645199722729984636489598486099981457377743609005214578964361944224,280.8306517709676,1.3839047931532457e-13,4.927897949978387e-16
20260920,float64,0.0,0.0,10,-801.0785328934273,-801.0785328934272,-801.0785328934272112355024726711115403392169432241859968017086113637563789875557503236202181448803726,801.0785328934272,1.2536755137279407e-13,1.5649845330391914e-16
20260920,float64,0.5,0.5,0,-0.11920956390065307,-0.11920956390065308,-0.1192095639006530874223556746327153395666483959831670266467949985981217089898250488475624518175359007,0.11920956390065308,1.6910618632962584e-17,1.6910618632962584e-17
20260920,float64,0.5,0.5,1,-0.1346602904861961,-0.13466029048619613,-0.1346602904861961150016562174206756901575719235983046248564862097266471956847947805986061208200402111,0.13466029048619613,1.579942438234153e-17,1.579942438234153e-17
20260920,float64,0.5,0.5,2,0.1178235555573815,0.11782355555738148,0.1178235555573814867733615322401064565975490233171926423243326535741124178596731306315838193619787317,0.11782355555738148,1.1775246546395774e-17,1.1775246546395774e-17
20260920,float64,0.5,0.5,3,0.016661654258328655,0.01666165425832867,0.01666165425832866779886883227194799661347198509993157281528725369296784417889891830537897551658999537,0.01666165425832867,1.2756126448942124e-17,1.2756126448942124e-17
20260920,float64,0.5,0.5,4,-0.4342147013973214,-0.4342147013973213,-0.4342147013973213265993330850479474660698772789293208325975434472552413334037934339337720953422542097,0.4342147013973213,5.211813122796495e-17,5.211813122796495e-17
20260920,float64,0.5,0.5,5,0.7346656711722499,0.7346656711722497,0.7346656711722497255181709592358308716311502006038934237676676534170667089309421514334201402121689608,0.7346656711722497,1.7561482913474206e-16,1.7561482913474206e-16
20260920,float64,0.5,0.5,6,2.784533188063595,2.7845331880635955,2.78453318806359540998086622186932227333397876326411071567224037303490048662241212666081023759912357,2.7845331880635955,3.4388348858248903e-16,1.234977159031926e-16
20260920,float64,0.5,0.5,7,-15.244036745323976,-15.244036745323967,-15.24403674532396759397655942709744654821496261407066622170468992811804999299415271490440560381123952,15.244036745323967,8.64011340935715e-15,5.667864459856712e-16
20260920,float64,0.5,0.5,8,-25.385896123839707,-25.38589612383972,-25.38589612383972154401701824372323190196850041679122909547582761936660420960425297683919542279251428,25.38589612383972,1.4371552176965452e-14,5.66123492621922e-16
20260920,float64,0.5,0.5,9,415.4160791465271,415.41607914652707,415.4160791465270814207703069747964512278075581080832488337537567341499799210081841189973585216355148,415.41607914652707,4.3100755968227835e-14,1.0375322028164725e-16
20260920,float64,0.5,0.5,10,218.43046657889417,218.430466578895,218.4304665788950004063919850492938821882212968578341533052035226095795310695417449659994942266387416,218.430466578895,8.313456603291312e-13,3.805996816057054e-15
20260920,float64,0.9,0.9,0,-0.16385977970799115,-0.16385977970799107,-0.1638597797079910793710546667440370754915380060886169349352716249801704571831634070494880853220412497,0.16385977970799107,6.951827978725339e-17,6.951827978725339e-17
20260920,float64,0.9,0.9,1,-0.08989681899535018,-0.08989681899535022,-0.08989681899535022859220487132624247085323043789560508876115175003062488334957748062165288818294954749,0.08989681899535022,4.797778171903409e-17,4.797778171903409e-17
20260920,float64,0.9,0.9,2,0.09923986334972021,0.09923986334972024,0.09923986334972023989254395350056420111533784641698255962414594956474402826508416265782437495514398729,0.09923986334972024,3.116307865515322e-17,3.116307865515322e-17
20260920,float64,0.9,0.9,3,-0.08478698903319154,-0.08478698903319154,-0.08478698903319154001645968016697594990559433450629660295053320315264735811017148464867059495297981052,0.08478698903319154,1.1691197393980844e-19,1.1691197393980844e-19
20260920,float64,0.9,0.9,4,-0.07535161526325325,-0.07535161526325324,-0.0753516152632532418730833492645150242780584936226599574966396756450826355844515121443794422692583077,0.07535161526325324,7.448545507895734e-18,7.448545507895734e-18
20260920,float64,0.9,0.9,5,0.7394372717053771,0.7394372717053772,0.7394372717053771786091450350507677571500745222618587771880306051311112155049007987893729748930061276,0.7394372717053772,8.146732474885388e-17,8.146732474885388e-17
20260920,float64,0.9,0.9,6,-1.822805130518649,-1.8228051305186486,-1.822805130518648481333504614962864664865187764006814610689340875401618524249285855179712092651730708,1.8228051305186486,5.269752800719975e-16,2.8910127102947943e-16
20260920,float64,0.9,0.9,7,-2.957044118172098,-2.957044118172098,-2.957044118172097938685667415582814865762854654717663605677910386672727221782517243675809399368782112,2.957044118172098,1.7406553304489677e-16,5.886470613515759e-17
20260920,float64,0.9,0.9,8,44.90594905874603,44.90594905874603,44.9059490587460331554516455842326157445069837727406338385023862544788389458976443280545716974600399,44.90594905874603,1.445308502738751e-15,3.2185234540929003e-17
20260920,float64,0.9,0.9,9,-125.07415537737269,-125.07415537737278,-125.074155377372782451755387101503134805443799745762255823802322275993607880402982241474800632024036,125.07415537737278,9.182884959396738e-14,7.341952405507123e-16
20260920,float64,0.9,0.9,10,-855.2774347680262,-855.2774347680254,-855.2774347680253386907957875766075545909603831439652264912313119378893460750894764645508315050082052,855.2774347680254,8.439191055102609e-13,9.867197136320507e-16
