seed,dtype,point,quantized_point,order,observed,reference,reference_magnitude,absolute_error,scaled_error
20260918,float32,-0.9,-0.8999999761581421,0,-0.10020292550325394,-0.10020292246788072,0.10020292246788072,3.035373216664361e-09,3.035373216664361e-09
20260918,float32,-0.9,-0.8999999761581421,1,-0.07974119484424591,-0.07974117351994066,0.07974117351994066,2.1324305252146125e-08,2.1324305252146125e-08
20260918,float32,-0.9,-0.8999999761581421,2,-0.011504863388836384,-0.011504860600642325,0.011504860600642325,2.7881940593138532e-09,2.7881940593138532e-09
20260918,float32,-0.9,-0.8999999761581421,3,0.1541491150856018,0.15414910713693455,0.15414910713693455,7.948667252177799e-09,7.948667252177799e-09
20260918,float32,-0.9,-0.8999999761581421,4,0.1823524683713913,0.18235246584623785,0.18235246584623785,2.5251534474524107e-09,2.5251534474524107e-09
20260918,float32,-0.9,-0.8999999761581421,5,-0.6719749569892883,-0.6719748923335406,0.6719748923335406,6.465574775571525e-08,6.465574775571525e-08
20260918,float32,-0.9,-0.8999999761581421,6,-2.008999824523926,-2.0090001694623565,2.0090001694623565,3.4493843070748653e-07,1.7169656625753202e-07
20260918,float32,-0.9,-0.8999999761581421,7,5.952256202697754,5.952254233195091,5.952254233195091,1.969502663179412e-06,3.308834915343005e-07
20260918,float32,-0.9,-0.8999999761581421,8,40.40134048461914,40.401357815227904,40.401357815227904,1.7330608763188593e-05,4.2896104736005717e-07
20260918,float32,-0.9,-0.8999999761581421,9,-47.611305236816406,-47.611269215823086,47.611269215823086,3.602099332056241e-05,7.565644418609876e-07
20260918,float32,-0.9,-0.8999999761581421,10,-1261.9927978515625,-1261.9932818401835,1261.9932818401835,0.0004839886209992983,3.835112499914161e-07
20260918,float32,-0.5,-0.5,0,-0.13124725222587585,-0.13124726408421256,0.13124726408421256,1.1858336701475736e-08,1.1858336701475736e-08
20260918,float32,-0.5,-0.5,1,-0.0709090307354927,-0.07090902932315145,0.07090902932315145,1.412341257833738e-09,1.412341257833738e-09
20260918,float32,-0.5,-0.5,2,0.05613340064883232,0.05613341430824934,0.05613341430824934,1.3659417021083531e-08,1.3659417021083531e-08
20260918,float32,-0.5,-0.5,3,0.16100803017616272,0.16100801881972931,0.16100801881972931,1.1356433404774435e-08,1.1356433404774435e-08
20260918,float32,-0.5,-0.5,4,-0.15189962089061737,-0.15189962136271978,0.15189962136271978,4.721024127185558e-10,4.721024127185558e-10
20260918,float32,-0.5,-0.5,5,-0.7256932258605957,-0.7256930535313484,0.7256930535313484,1.7232924731658272e-07,1.7232924731658272e-07
20260918,float32,-0.5,-0.5,6,1.8227230310440063,1.8227230031856947,1.8227230031856947,2.7858311657524837e-08,1.5283897558123207e-08
20260918,float32,-0.5,-0.5,7,6.680759906768799,6.680757913966439,6.680757913966439,1.9928023595738864e-06,2.982898625031509e-07
20260918,float32,-0.5,-0.5,8,-48.03302764892578,-48.033021062071725,48.033021062071725,6.586854055967706e-06,1.3713178788932928e-07
20260918,float32,-0.5,-0.5,9,-171.43243408203125,-171.43236291789626,171.43236291789626,7.116413499375085e-05,4.1511493969101587e-07
20260918,float32,-0.5,-0.5,10,1645.04345703125,1645.0426723926494,1645.0426723926494,0.0007846386006349348,4.769715787941896e-07
20260918,float32,0.0,0.0,0,-0.15687048435211182,-0.15687049694411243,0.15687049694411243,1.2592000608879772e-08,1.2592000608879772e-08
20260918,float32,0.0,0.0,1,-0.02723231539130211,-0.027232319557908002,0.027232319557908002,4.166605893640707e-09,4.166605893640707e-09
20260918,float32,0.0,0.0,2,0.10788620263338089,0.10788621677496857,0.10788621677496857,1.4141587678651035e-08,1.4141587678651035e-08
20260918,float32,0.0,0.0,3,0.03630202263593674,0.036302033571980495,0.036302033571980495,1.0936043758069669e-08,1.0936043758069669e-08
20260918,float32,0.0,0.0,4,-0.2784211337566376,-0.27842112714369727,0.27842112714369727,6.612940306460757e-09,6.612940306460757e-09
20260918,float32,0.0,0.0,5,0.03357788175344467,0.03357788686043652,0.03357788686043652,5.106991850245546e-09,5.106991850245546e-09
20260918,float32,0.0,0.0,6,0.02402605302631855,0.024025980494790343,0.024025980494790343,7.253152820713149e-08,7.253152820713149e-08
20260918,float32,0.0,0.0,7,-5.820672512054443,-5.820673684042634,5.820673684042634,1.1719881909399987e-06,2.0134923456592356e-07
20260918,float32,0.0,0.0,8,32.27118682861328,32.27117780617129,32.27117780617129,9.022441993522534e-06,2.7958204834399176e-07
20260918,float32,0.0,0.0,9,198.1946563720703,198.19468977764998,198.19468977764998,3.3405579671352825e-05,1.6854931738499034e-07
20260918,float32,0.0,0.0,10,-1048.3734130859375,-1048.373299718065,1048.373299718065,0.00011336787247273605,1.0813693223894927e-07
20260918,float32,0.5,0.5,0,-0.15696555376052856,-0.15696552666961014,0.15696552666961014,2.7090918425232147e-08,2.7090918425232147e-08
20260918,float32,0.5,0.5,1,0.025478243827819824,0.025478239454698043,0.025478239454698043,4.3731217813647305e-09,4.3731217813647305e-09
20260918,float32,0.5,0.5,2,0.09137075394392014,0.09137076110278494,0.09137076110278494,7.158864806511289e-09,7.158864806511289e-09
20260918,float32,0.5,0.5,3,-0.1025693267583847,-0.10256932657833553,0.10256932657833553,1.8004917001768206e-10,1.8004917001768206e-10
20260918,float32,0.5,0.5,4,-0.27128663659095764,-0.2712866163927412,0.2712866163927412,2.0198216432731897e-08,2.0198216432731897e-08
20260918,float32,0.5,0.5,5,0.17685310542583466,0.1768531523558751,0.1768531523558751,4.69300404370987e-08,4.69300404370987e-08
20260918,float32,0.5,0.5,6,1.926626443862915,1.9266261740541761,1.9266261740541761,2.6980873890636303e-07,1.400420810948539e-07
20260918,float32,0.5,0.5,7,7.945718765258789,7.9457177001406825,7.9457177001406825,1.0651181066023696e-06,1.340493265427126e-07
20260918,float32,0.5,0.5,8,-29.856048583984375,-29.856045022470898,29.856045022470898,3.5615134770239365e-06,1.1928952660485988e-07
20260918,float32,0.5,0.5,9,-358.80352783203125,-358.80353193957257,358.80353193957257,4.107541315079288e-06,1.1447884286075128e-08
20260918,float32,0.5,0.5,10,344.2802429199219,344.2803736363164,344.2803736363164,0.0001307163945512002,3.796800647407325e-07
20260918,float32,0.9,0.8999999761581421,0,-0.14082008600234985,-0.14082010026362876,0.14082010026362876,1.4261278907801156e-08,1.4261278907801156e-08
20260918,float32,0.9,0.8999999761581421,1,0.05131066218018532,0.05131067097117826,0.05131067097117826,8.790992940543862e-09,8.790992940543862e-09
20260918,float32,0.9,0.8999999761581421,2,0.03298960626125336,0.03298959965018111,0.03298959965018111,6.611072245199523e-09,6.611072245199523e-09
20260918,float32,0.9,0.8999999761581421,3,-0.1721440702676773,-0.17214404457256965,0.17214404457256965,2.5695107652712323e-08,2.5695107652712323e-08
20260918,float32,0.9,0.8999999761581421,4,-0.017367180436849594,-0.01736719308508748,0.01736719308508748,1.2648237887602498e-08,1.2648237887602498e-08
20260918,float32,0.9,0.8999999761581421,5,0.9938433170318604,0.9938434736287504,0.9938434736287504,1.5659689001079613e-07,1.5659689001079613e-07
20260918,float32,0.9,0.8999999761581421,6,0.45551449060440063,0.45551456325970036,0.45551456325970036,7.265529972100282e-08,7.265529972100282e-08
20260918,float32,0.9,0.8999999761581421,7,-14.88821029663086,-14.888210676716868,14.888210676716868,3.800860088887248e-07,2.5529327676906633e-08
20260918,float32,0.9,0.8999999761581421,8,-20.417163848876953,-20.417168683120135,20.417168683120135,4.834243181761622e-06,2.3677343596413175e-07
20260918,float32,0.9,0.8999999761581421,9,471.46905517578125,471.46915011188423,471.46915011188423,9.493610298250132e-05,2.0136227992854264e-07
20260918,float32,0.9,0.8999999761581421,10,828.710693359375,828.7113100283041,828.7113100283041,0.0006166689290694194,7.441299782047834e-07
20260918,float64,-0.9,-0.9,0,-0.10020292056670296,-0.10020292056670299,0.10020292056670299,2.7755575615628914e-17,2.7755575615628914e-17
20260918,float64,-0.9,-0.9,1,-0.07974117324564339,-0.07974117324564337,0.07974117324564337,2.7755575615628914e-17,2.7755575615628914e-17
20260918,float64,-0.9,-0.9,2,-0.011504864275843376,-0.011504864275843386,0.011504864275843386,1.0408340855860843e-17,1.0408340855860843e-17
20260918,float64,-0.9,-0.9,3,0.15414910278931285,0.15414910278931276,0.15414910278931276,8.326672684688674e-17,8.326672684688674e-17
20260918,float64,-0.9,-0.9,4,0.18235248186736716,0.18235248186736722,0.18235248186736722,5.551115123125783e-17,5.551115123125783e-17
20260918,float64,-0.9,-0.9,5,-0.6719748444352427,-0.6719748444352422,0.6719748444352422,4.440892098500626e-16,4.440892098500626e-16
20260918,float64,-0.9,-0.9,6,-2.0090003113751447,-2.0090003113751447,2.0090003113751447,0.0,0.0
20260918,float64,-0.9,-0.9,7,5.952253269951644,5.952253269951644,5.952253269951644,0.0,0.0
20260918,float64,-0.9,-0.9,8,40.40135895036868,40.40135895036867,40.40135895036867,1.4210854715202004e-14,3.517419979030762e-16
20260918,float64,-0.9,-0.9,9,-47.61123912755941,-47.611239127559465,47.611239127559465,5.684341886080802e-14,1.193907571036196e-15
20260918,float64,-0.9,-0.9,10,-1261.9932048928274,-1261.9932048928274,1261.9932048928274,0.0,0.0
20260918,float64,-0.5,-0.5,0,-0.13124726408421256,-0.13124726408421256,0.13124726408421256,0.0,0.0
20260918,float64,-0.5,-0.5,1,-0.07090902932315145,-0.07090902932315145,0.07090902932315145,0.0,0.0
20260918,float64,-0.5,-0.5,2,0.056133414308249314,0.05613341430824934,0.05613341430824934,2.7755575615628914e-17,2.7755575615628914e-17
20260918,float64,-0.5,-0.5,3,0.16100801881972934,0.16100801881972931,0.16100801881972931,2.7755575615628914e-17,2.7755575615628914e-17
20260918,float64,-0.5,-0.5,4,-0.15189962136271978,-0.15189962136271978,0.15189962136271978,0.0,0.0
20260918,float64,-0.5,-0.5,5,-0.7256930535313485,-0.7256930535313484,0.7256930535313484,1.1102230246251565e-16,1.1102230246251565e-16
20260918,float64,-0.5,-0.5,6,1.8227230031856947,1.8227230031856947,1.8227230031856947,0.0,0.0
20260918,float64,-0.5,-0.5,7,6.680757913966441,6.680757913966439,6.680757913966439,1.7763568394002505e-15,2.658915144472894e-16
20260918,float64,-0.5,-0.5,8,-48.03302106207171,-48.033021062071725,48.033021062071725,1.4210854715202004e-14,2.958559424533742e-16
20260918,float64,-0.5,-0.5,9,-171.43236291789637,-171.43236291789626,171.43236291789626,1.1368683772161603e-13,6.631585529510774e-16
20260918,float64,-0.5,-0.5,10,1645.0426723926494,1645.0426723926494,1645.0426723926494,0.0,0.0
20260918,float64,0.0,0.0,0,-0.15687049694411237,-0.15687049694411243,0.15687049694411243,5.551115123125783e-17,5.551115123125783e-17
20260918,float64,0.0,0.0,1,-0.027232319557907995,-0.027232319557908002,0.027232319557908002,6.938893903907228e-18,6.938893903907228e-18
20260918,float64,0.0,0.0,2,0.10788621677496858,0.10788621677496857,0.10788621677496857,1.3877787807814457e-17,1.3877787807814457e-17
20260918,float64,0.0,0.0,3,0.03630203357198048,0.036302033571980495,0.036302033571980495,1.3877787807814457e-17,1.3877787807814457e-17
20260918,float64,0.0,0.0,4,-0.2784211271436972,-0.27842112714369727,0.27842112714369727,5.551115123125783e-17,5.551115123125783e-17
20260918,float64,0.0,0.0,5,0.03357788686043641,0.03357788686043652,0.03357788686043652,1.1102230246251565e-16,1.1102230246251565e-16
20260918,float64,0.0,0.0,6,0.0240259804947903,0.024025980494790343,0.024025980494790343,4.163336342344337e-17,4.163336342344337e-17
20260918,float64,0.0,0.0,7,-5.820673684042631,-5.820673684042634,5.820673684042634,3.552713678800501e-15,6.103612522619604e-16
20260918,float64,0.0,0.0,8,32.27117780617129,32.27117780617129,32.27117780617129,0.0,0.0
20260918,float64,0.0,0.0,9,198.19468977765004,198.19468977764998,198.19468977764998,5.684341886080802e-14,2.868059629881069e-16
20260918,float64,0.0,0.0,10,-1048.3732997180653,-1048.373299718065,1048.373299718065,2.2737367544323206e-13,2.1688236003757323e-16
20260918,float64,0.5,0.5,0,-0.1569655266696101,-0.15696552666961014,0.15696552666961014,2.7755575615628914e-17,2.7755575615628914e-17
20260918,float64,0.5,0.5,1,0.025478239454698053,0.025478239454698043,0.025478239454698043,1.0408340855860843e-17,1.0408340855860843e-17
20260918,float64,0.5,0.5,2,0.09137076110278494,0.09137076110278494,0.09137076110278494,0.0,0.0
20260918,float64,0.5,0.5,3,-0.10256932657833553,-0.10256932657833553,0.10256932657833553,0.0,0.0
20260918,float64,0.5,0.5,4,-0.27128661639274126,-0.2712866163927412,0.2712866163927412,5.551115123125783e-17,5.551115123125783e-17
20260918,float64,0.5,0.5,5,0.17685315235587523,0.1768531523558751,0.1768531523558751,1.3877787807814457e-16,1.3877787807814457e-16
20260918,float64,0.5,0.5,6,1.9266261740541761,1.9266261740541761,1.9266261740541761,0.0,0.0
20260918,float64,0.5,0.5,7,7.945717700140679,7.9457177001406825,7.9457177001406825,3.552713678800501e-15,4.471230684092387e-16
20260918,float64,0.5,0.5,8,-29.856045022470926,-29.856045022470898,29.856045022470898,2.842170943040401e-14,9.519582854665664e-16
20260918,float64,0.5,0.5,9,-358.8035319395727,-358.80353193957257,358.80353193957257,1.1368683772161603e-13,3.1684982894973967e-16
20260918,float64,0.5,0.5,10,344.2803736363172,344.2803736363164,344.2803736363164,7.958078640513122e-13,2.3115109805590336e-15
20260918,float64,0.9,0.9,0,-0.140820099040287,-0.14082009904028703,0.14082009904028703,2.7755575615628914e-17,2.7755575615628914e-17
20260918,float64,0.9,0.9,1,0.05131067175771156,0.051310671757711555,0.051310671757711555,6.938893903907228e-18,6.938893903907228e-18
20260918,float64,0.9,0.9,2,0.032989595545947235,0.032989595545947256,0.032989595545947256,2.0816681711721685e-17,2.0816681711721685e-17
20260918,float64,0.9,0.9,3,-0.17214404498663557,-0.17214404498663555,0.17214404498663555,2.7755575615628914e-17,2.7755575615628914e-17
20260918,float64,0.9,0.9,4,-0.017367169390012448,-0.017367169390012444,0.017367169390012444,3.469446951953614e-18,3.469446951953614e-18
20260918,float64,0.9,0.9,5,0.9938434844890597,0.9938434844890596,0.9938434844890596,1.1102230246251565e-16,1.1102230246251565e-16
20260918,float64,0.9,0.9,6,0.45551420829709094,0.4555142082970907,0.4555142082970907,2.220446049250313e-16,2.220446049250313e-16
20260918,float64,0.9,0.9,7,-14.888211163499971,-14.88821116349997,14.88821116349997,1.7763568394002505e-15,1.193129799068929e-16
20260918,float64,0.9,0.9,8,-20.417157442419406,-20.417157442419406,20.417157442419406,0.0,0.0
20260918,float64,0.9,0.9,9,471.46916986989504,471.46916986989515,471.46916986989515,1.1368683772161603e-13,2.41133132316984e-16
20260918,float64,0.9,0.9,10,828.7107727180684,828.7107727180676,828.7107727180676,7.958078640513122e-13,9.602962701222793e-16
20260919,float32,-0.9,-0.8999999761581421,0,-0.044050008058547974,-0.04405000543853125,0.04405000543853125,2.6200167244083694e-09,2.6200167244083694e-09
20260919,float32,-0.9,-0.8999999761581421,1,-0.07710123062133789,-0.07710123051112909,0.07710123051112909,1.1020880041900938e-10,1.1020880041900938e-10
20260919,float32,-0.9,-0.8999999761581421,2,-0.03568914160132408,-0.03568914408565137,0.03568914408565137,2.484327285556809e-09,2.484327285556809e-09
20260919,float32,-0.9,-0.8999999761581421,3,0.0024220221675932407,0.0024220270004949094,0.0024220270004949094,4.832901668704731e-09,4.832901668704731e-09
20260919,float32,-0.9,-0.8999999761581421,4,0.07681093364953995,0.07681096886686822,0.07681096886686822,3.521732827582724e-08,3.521732827582724e-08
20260919,float32,-0.9,-0.8999999761581421,5,0.20484507083892822,0.20484513551691977,0.20484513551691977,6.46779915458584e-08,6.46779915458584e-08
20260919,float32,-0.9,-0.8999999761581421,6,-0.7906187176704407,-0.7906192284828603,0.7906192284828603,5.108124195851715e-07,5.108124195851715e-07
20260919,float32,-0.9,-0.8999999761581421,7,-6.79539155960083,-6.795391377838274,6.795391377838274,1.817625561173486e-07,2.6747915758042807e-08
20260919,float32,-0.9,-0.8999999761581421,8,12.198555946350098,12.19855353425321,12.19855353425321,2.4120968884489002e-06,1.9773630387207773e-07
20260919,float32,-0.9,-0.8999999761581421,9,297.3596496582031,297.35969094080724,297.35969094080724,4.1282604115622235e-05,1.3883053209064574e-07
20260919,float32,-0.9,-0.8999999761581421,10,187.2595672607422,187.25933542827764,187.25933542827764,0.00023183246455005246,1.2380288759427261e-06
20260919,float32,-0.5,-0.5,0,-0.07762668281793594,-0.07762668563084978,0.07762668563084978,2.8129138324173297e-09,2.8129138324173297e-09
20260919,float32,-0.5,-0.5,1,-0.09024297446012497,-0.09024296624455286,0.09024296624455286,8.215572111502922e-09,8.215572111502922e-09
20260919,float32,-0.5,-0.5,2,-0.027656208723783493,-0.027656213401957265,0.027656213401957265,4.67817377197699e-09,4.67817377197699e-09
20260919,float32,-0.5,-0.5,3,0.03638496622443199,0.036384955173656204,0.036384955173656204,1.1050775787502243e-08,1.1050775787502243e-08
20260919,float32,-0.5,-0.5,4,0.05731190741062164,0.05731193837054787,0.05731193837054787,3.095992622687005e-08,3.095992622687005e-08
20260919,float32,-0.5,-0.5,5,-0.2801879048347473,-0.2801879021522794,0.2801879021522794,2.6824679144610286e-09,2.6824679144610286e-09
20260919,float32,-0.5,-0.5,6,-0.44300517439842224,-0.4430054187578382,0.4430054187578382,2.443594159795559e-07,2.443594159795559e-07
20260919,float32,-0.5,-0.5,7,8.822707176208496,8.82270441662094,8.82270441662094,2.7595875558006355e-06,3.1278250131579796e-07
20260919,float32,-0.5,-0.5,8,13.49230670928955,13.492316540008702,13.492316540008702,9.830719150727418e-06,7.286161069210342e-07
20260919,float32,-0.5,-0.5,9,-356.62042236328125,-356.6203902433659,356.6203902433659,3.2119915374551056e-05,9.006752348801955e-08
20260919,float32,-0.5,-0.5,10,-464.6717834472656,-464.6719169199602,464.6719169199602,0.0001334726945856346,2.872407169995283e-07
20260919,float32,0.0,0.0,0,-0.12536734342575073,-0.12536734940072386,0.12536734940072386,5.97497312737616e-09,5.97497312737616e-09
20260919,float32,0.0,0.0,1,-0.0989939421415329,-0.09899395146377575,0.09899395146377575,9.3222428526607e-09,9.3222428526607e-09
20260919,float32,0.0,0.0,2,-0.007206094451248646,-0.007206094714989584,0.007206094714989584,2.637409379432909e-10,2.637409379432909e-10
20260919,float32,0.0,0.0,3,0.04042888060212135,0.04042887577309032,0.04042887577309032,4.829031036157616e-09,4.829031036157616e-09
20260919,float32,0.0,0.0,4,0.0026557554956525564,0.002655764992805429,0.002655764992805429,9.497152872722098e-09,9.497152872722098e-09
20260919,float32,0.0,0.0,5,0.1622544676065445,0.16225456701037924,0.16225456701037924,9.940383474682513e-08,9.940383474682513e-08
20260919,float32,0.0,0.0,6,0.6765133738517761,0.6765131602880015,0.6765131602880015,2.1356377466474896e-07,2.1356377466474896e-07
20260919,float32,0.0,0.0,7,-6.288757801055908,-6.288757848181591,6.288757848181591,4.7125682911541844e-08,7.493639292403084e-09
20260919,float32,0.0,0.0,8,-13.566444396972656,-13.566434951464537,13.566434951464537,9.445508119654278e-06,6.962409913471489e-07
20260919,float32,0.0,0.0,9,206.4390411376953,206.4389890161912,206.4389890161912,5.212150412603478e-05,2.524789739303889e-07
20260919,float32,0.0,0.0,10,-180.045166015625,-180.04544862030286,180.04544862030286,0.0002826046778636737,1.5696296686713677e-06
20260919,float32,0.5,0.5,0,-0.17486901581287384,-0.17486902467141105,0.17486902467141105,8.85853720933305e-09,8.85853720933305e-09
20260919,float32,0.5,0.5,1,-0.09702902287244797,-0.09702903811282221,0.09702903811282221,1.5240374240388377e-08,1.5240374240388377e-08
20260919,float32,0.5,0.5,2,0.016829419881105423,0.016829427958549095,0.016829427958549095,8.07744367226082e-09,8.07744367226082e-09
20260919,float32,0.5,0.5,3,0.060022756457328796,0.06002276041233404,0.06002276041233404,3.955005246913945e-09,3.955005246913945e-09
20260919,float32,0.5,0.5,4,0.045825693756341934,0.04582566991245289,0.04582566991245289,2.38438890437509e-08,2.38438890437509e-08
20260919,float32,0.5,0.5,5,-0.1554197072982788,-0.15541964041588166,0.15541964041588166,6.688239714836008e-08,6.688239714836008e-08
20260919,float32,0.5,0.5,6,-1.1711719036102295,-1.171172164348126,1.171172164348126,2.607378966068552e-07,2.2262986138505247e-07
20260919,float32,0.5,0.5,7,1.781206488609314,1.781206886909071,1.781206886909071,3.9829975695404585e-07,2.2361229337329566e-07
20260919,float32,0.5,0.5,8,21.74721336364746,21.747217524907104,21.747217524907104,4.161259642643245e-06,1.9134676139038712e-07
20260919,float32,0.5,0.5,9,-59.40287780761719,-59.402907185414136,59.402907185414136,2.9377796948892865e-05,4.945515016158388e-07
20260919,float32,0.5,0.5,10,-341.5343322753906,-341.5343327588272,341.5343327588272,4.834365654460271e-07,1.4154845328168032e-09
20260919,float32,0.9,0.8999999761581421,0,-0.21166421473026276,-0.21166420365216657,0.21166420365216657,1.1078096190386688e-08,1.1078096190386688e-08
20260919,float32,0.9,0.8999999761581421,1,-0.08525630086660385,-0.0852563174516215,0.0852563174516215,1.658501765089415e-08,1.658501765089415e-08
20260919,float32,0.9,0.8999999761581421,2,0.04184970632195473,0.0418497133078938,0.0418497133078938,6.985939070280889e-09,6.985939070280889e-09
20260919,float32,0.9,0.8999999761581421,3,0.056764040142297745,0.056764038782549785,0.056764038782549785,1.3597479600613305e-09,1.3597479600613305e-09
20260919,float32,0.9,0.8999999761581421,4,-0.07423952221870422,-0.0742395281303857,0.0742395281303857,5.9116814776771776e-09,5.9116814776771776e-09
20260919,float32,0.9,0.8999999761581421,5,-0.3311298191547394,-0.33112989190367714,0.33112989190367714,7.27489377627677e-08,7.27489377627677e-08
20260919,float32,0.9,0.8999999761581421,6,0.44628459215164185,0.44628467017825574,0.44628467017825574,7.802661389222365e-08,7.802661389222365e-08
20260919,float32,0.9,0.8999999761581421,7,4.128353118896484,4.128353996379946,4.128353996379946,8.774834618918703e-07,2.1255044084429638e-07
20260919,float32,0.9,0.8999999761581421,8,-9.141271591186523,-9.141269943022248,9.141269943022248,1.6481642752808057e-06,1.8029926755843035e-07
20260919,float32,0.9,0.8999999761581421,9,-52.4899787902832,-52.49001231235902,52.49001231235902,3.352207581741595e-05,6.386372252673872e-07
20260919,float32,0.9,0.8999999761581421,10,236.0924530029297,236.09242066756312,236.09242066756312,3.2335366569213875e-05,1.3696062956101688e-07
20260919,float64,-0.9,-0.9,0,-0.044050003600294665,-0.04405000360029468,0.04405000360029468,1.3877787807814457e-17,1.3877787807814457e-17
20260919,float64,-0.9,-0.9,1,-0.07710122966023354,-0.07710122966023358,0.07710122966023358,4.163336342344337e-17,4.163336342344337e-17
20260919,float64,-0.9,-0.9,2,-0.03568914414339695,-0.03568914414339697,0.03568914414339697,1.3877787807814457e-17,1.3877787807814457e-17
20260919,float64,-0.9,-0.9,3,0.002422025169178735,0.0024220251691787604,0.0024220251691787604,2.5153490401663703e-17,2.5153490401663703e-17
20260919,float64,-0.9,-0.9,4,0.0768109639829793,0.07681096398297937,0.07681096398297937,6.938893903907228e-17,6.938893903907228e-17
20260919,float64,-0.9,-0.9,5,0.2048451543667494,0.20484515436674916,0.20484515436674916,2.498001805406602e-16,2.498001805406602e-16
20260919,float64,-0.9,-0.9,6,-0.7906190664681,-0.790619066468101,0.790619066468101,9.992007221626409e-16,9.992007221626409e-16
20260919,float64,-0.9,-0.9,7,-6.795391668674369,-6.79539166867437,6.79539166867437,8.881784197001252e-16,1.3070305039141168e-16
20260919,float64,-0.9,-0.9,8,12.198546444645732,12.198546444645757,12.198546444645757,2.4868995751603507e-14,2.0386851715860886e-15
20260919,float64,-0.9,-0.9,9,297.35968647619256,297.3596864761924,297.3596864761924,1.7053025658242404e-13,5.734814244770778e-16
20260919,float64,-0.9,-0.9,10,187.25970481125557,187.25970481125447,187.25970481125447,1.1084466677857563e-12,5.919301586547934e-15
20260919,float64,-0.5,-0.5,0,-0.07762668563084978,-0.07762668563084978,0.07762668563084978,0.0,0.0
20260919,float64,-0.5,-0.5,1,-0.09024296624455284,-0.09024296624455286,0.09024296624455286,1.3877787807814457e-17,1.3877787807814457e-17
20260919,float64,-0.5,-0.5,2,-0.027656213401957255,-0.027656213401957265,0.027656213401957265,1.0408340855860843e-17,1.0408340855860843e-17
20260919,float64,-0.5,-0.5,3,0.03638495517365622,0.036384955173656204,0.036384955173656204,1.3877787807814457e-17,1.3877787807814457e-17
20260919,float64,-0.5,-0.5,4,0.05731193837054783,0.05731193837054787,0.05731193837054787,4.163336342344337e-17,4.163336342344337e-17
20260919,float64,-0.5,-0.5,5,-0.28018790215227957,-0.2801879021522794,0.2801879021522794,1.6653345369377348e-16,1.6653345369377348e-16
20260919,float64,-0.5,-0.5,6,-0.44300541875783817,-0.4430054187578382,0.4430054187578382,5.551115123125783e-17,5.551115123125783e-17
20260919,float64,-0.5,-0.5,7,8.82270441662094,8.82270441662094,8.82270441662094,0.0,0.0
20260919,float64,-0.5,-0.5,8,13.492316540008703,13.492316540008702,13.492316540008702,1.7763568394002505e-15,1.3165692000575498e-16
20260919,float64,-0.5,-0.5,9,-356.6203902433658,-356.6203902433659,356.6203902433659,5.684341886080802e-14,1.5939475256032547e-16
20260919,float64,-0.5,-0.5,10,-464.6719169199597,-464.6719169199602,464.6719169199602,5.115907697472721e-13,1.1009720000690157e-15
20260919,float64,0.0,0.0,0,-0.12536734940072383,-0.12536734940072386,0.12536734940072386,2.7755575615628914e-17,2.7755575615628914e-17
20260919,float64,0.0,0.0,1,-0.09899395146377576,-0.09899395146377575,0.09899395146377575,1.3877787807814457e-17,1.3877787807814457e-17
20260919,float64,0.0,0.0,2,-0.007206094714989565,-0.007206094714989584,0.007206094714989584,1.9081958235744878e-17,1.9081958235744878e-17
20260919,float64,0.0,0.0,3,0.040428875773090345,0.04042887577309032,0.04042887577309032,2.7755575615628914e-17,2.7755575615628914e-17
20260919,float64,0.0,0.0,4,0.002655764992805373,0.002655764992805429,0.002655764992805429,5.594483210025203e-17,5.594483210025203e-17
20260919,float64,0.0,0.0,5,0.16225456701037927,0.16225456701037924,0.16225456701037924,2.7755575615628914e-17,2.7755575615628914e-17
20260919,float64,0.0,0.0,6,0.6765131602880018,0.6765131602880015,0.6765131602880015,3.3306690738754696e-16,3.3306690738754696e-16
20260919,float64,0.0,0.0,7,-6.288757848181591,-6.288757848181591,6.288757848181591,0.0,0.0
20260919,float64,0.0,0.0,8,-13.566434951464549,-13.566434951464537,13.566434951464537,1.2434497875801753e-14,9.165634096420749e-16
20260919,float64,0.0,0.0,9,206.4389890161914,206.4389890161912,206.4389890161912,2.2737367544323206e-13,1.1014085882071382e-15
20260919,float64,0.0,0.0,10,-180.04544862030338,-180.04544862030286,180.04544862030286,5.115907697472721e-13,2.8414534978118992e-15
20260919,float64,0.5,0.5,0,-0.17486902467141102,-0.17486902467141105,0.17486902467141105,2.7755575615628914e-17,2.7755575615628914e-17
20260919,float64,0.5,0.5,1,-0.09702903811282221,-0.09702903811282221,0.09702903811282221,0.0,0.0
20260919,float64,0.5,0.5,2,0.01682942795854909,0.016829427958549095,0.016829427958549095,6.938893903907228e-18,6.938893903907228e-18
20260919,float64,0.5,0.5,3,0.06002276041233408,0.06002276041233404,0.06002276041233404,3.469446951953614e-17,3.469446951953614e-17
20260919,float64,0.5,0.5,4,0.04582566991245291,0.04582566991245289,0.04582566991245289,2.0816681711721685e-17,2.0816681711721685e-17
20260919,float64,0.5,0.5,5,-0.15541964041588185,-0.15541964041588166,0.15541964041588166,1.942890293094024e-16,1.942890293094024e-16
20260919,float64,0.5,0.5,6,-1.1711721643481259,-1.171172164348126,1.171172164348126,2.220446049250313e-16,1.8959177111985175e-16
20260919,float64,0.5,0.5,7,1.7812068869090725,1.781206886909071,1.781206886909071,1.5543122344752192e-15,8.726174628554338e-16
20260919,float64,0.5,0.5,8,21.7472175249071,21.747217524907104,21.747217524907104,3.552713678800501e-15,1.6336405679170567e-16
20260919,float64,0.5,0.5,9,-59.402907185414186,-59.402907185414136,59.402907185414136,4.973799150320701e-14,8.372989447799239e-16
20260919,float64,0.5,0.5,10,-341.53433275882685,-341.5343327588272,341.5343327588272,3.410605131648481e-13,9.986126736069205e-16
20260919,float64,0.9,0.9,0,-0.2116642056848356,-0.21166420568483557,0.21166420568483557,2.7755575615628914e-17,2.7755575615628914e-17
20260919,float64,0.9,0.9,1,-0.08525631645384657,-0.08525631645384657,0.08525631645384657,0.0,0.0
20260919,float64,0.9,0.9,2,0.041849714661253944,0.04184971466125392,0.04184971466125392,2.0816681711721685e-17,2.0816681711721685e-17
20260919,float64,0.9,0.9,3,0.05676403701254142,0.05676403701254141,0.05676403701254141,1.3877787807814457e-17,1.3877787807814457e-17
20260919,float64,0.9,0.9,4,-0.07423953602513747,-0.07423953602513741,0.07423953602513741,5.551115123125783e-17,5.551115123125783e-17
20260919,float64,0.9,0.9,5,-0.33112988126342036,-0.3311298812634203,0.3311298812634203,5.551115123125783e-17,5.551115123125783e-17
20260919,float64,0.9,0.9,6,0.44628476860588356,0.4462847686058826,0.4462847686058826,9.43689570931383e-16,9.43689570931383e-16
20260919,float64,0.9,0.9,7,4.128353778435073,4.128353778435072,4.128353778435072,8.881784197001252e-16,2.151410628468003e-16
20260919,float64,0.9,0.9,8,-9.14127119448161,-9.141271194481599,9.141271194481599,1.0658141036401503e-14,1.1659364228068858e-15
20260919,float64,0.9,0.9,9,-52.49000668347707,-52.49000668347708,52.49000668347708,7.105427357601002e-15,1.3536724048156132e-16
20260919,float64,0.9,0.9,10,236.0924198078285,236.09241980782838,236.09241980782838,1.1368683772161603e-13,4.815353149167324e-16
20260920,float32,-0.9,-0.8999999761581421,0,0.11471927165985107,0.11471927314231233,0.11471927314231233,1.4824612509789503e-09,1.4824612509789503e-09
20260920,float32,-0.9,-0.8999999761581421,1,-0.13184279203414917,-0.13184278091402551,0.13184278091402551,1.1120123655228298e-08,1.1120123655228298e-08
20260920,float32,-0.9,-0.8999999761581421,2,-0.12394007295370102,-0.12394006443758458,0.12394006443758458,8.516116437040644e-09,8.516116437040644e-09
20260920,float32,-0.9,-0.8999999761581421,3,0.0332840234041214,0.03328401890819415,0.03328401890819415,4.49592724854897e-09,4.49592724854897e-09
20260920,float32,-0.9,-0.8999999761581421,4,0.39172208309173584,0.3917220157135557,0.3917220157135557,6.737818014634911e-08,6.737818014634911e-08
20260920,float32,-0.9,-0.8999999761581421,5,0.5534857511520386,0.553485698779292,0.553485698779292,5.2372746583984053e-08,5.2372746583984053e-08
20260920,float32,-0.9,-0.8999999761581421,6,-1.7431882619857788,-1.7431877045503323,1.7431877045503323,5.574354464688014e-07,3.19779358822747e-07
20260920,float32,-0.9,-0.8999999761581421,7,-10.645301818847656,-10.6453009133502,10.6453009133502,9.054974565714247e-07,8.506076661824058e-08
20260920,float32,-0.9,-0.8999999761581421,8,-1.99342942237854,-1.9934326733580787,1.9934326733580787,3.2509795386825857e-06,1.6308449149707576e-06
20260920,float32,-0.9,-0.8999999761581421,9,220.2120361328125,220.21195995477115,220.21195995477115,7.617804135406914e-05,3.4593053606041734e-07
20260920,float32,-0.9,-0.8999999761581421,10,668.7679443359375,668.7678891424047,668.7678891424047,5.519353283034434e-05,8.253017784858337e-08
20260920,float32,-0.5,-0.5,0,0.05287379026412964,0.05287381737557266,0.05287381737557266,2.7111443021143877e-08,2.7111443021143877e-08
20260920,float32,-0.5,-0.5,1,-0.17419345676898956,-0.17419345508794254,0.17419345508794254,1.6810470238048936e-09,1.6810470238048936e-09
20260920,float32,-0.5,-0.5,2,-0.07608729600906372,-0.07608728226688945,0.07608728226688945,1.3742174273523311e-08,1.3742174273523311e-08
20260920,float32,-0.5,-0.5,3,0.20547179877758026,0.2054718119923767,0.2054718119923767,1.3214796451554989e-08,1.3214796451554989e-08
20260920,float32,-0.5,-0.5,4,0.3779289722442627,0.3779289757713064,0.3779289757713064,3.5270437126477816e-09,3.5270437126477816e-09
20260920,float32,-0.5,-0.5,5,-0.7716700434684753,-0.7716701424112882,0.7716701424112882,9.894281283173711e-08,9.894281283173711e-08
20260920,float32,-0.5,-0.5,6,-3.8083226680755615,-3.808322919127577,3.808322919127577,2.510520156207008e-07,6.592193491780171e-08
20260920,float32,-0.5,-0.5,7,4.459308624267578,4.459308848154795,4.459308848154795,2.2388721721000593e-07,5.020670799750674e-08
20260920,float32,-0.5,-0.5,8,53.823368072509766,53.82337324575807,53.82337324575807,5.173248304402023e-06,9.611527469266778e-08
20260920,float32,-0.5,-0.5,9,-83.46475219726562,-83.46473641959629,83.46473641959629,1.5777669332806e-05,1.8903395625055414e-07
20260920,float32,-0.5,-0.5,10,-994.7459716796875,-994.7459855311179,994.7459855311179,1.3851430367139983e-05,1.3924590366398296e-08
20260920,float32,0.0,0.0,0,-0.038741059601306915,-0.03874105674182258,0.03874105674182258,2.8594843368145995e-09,2.8594843368145995e-09
20260920,float32,0.0,0.0,1,-0.18151187896728516,-0.18151191208442238,0.18151191208442238,3.3117137226978954e-08,3.3117137226978954e-08
20260920,float32,0.0,0.0,2,0.05004318803548813,0.050043196638412765,0.050043196638412765,8.602924636558207e-09,8.602924636558207e-09
20260920,float32,0.0,0.0,3,0.241683229804039,0.24168320821849534,0.24168320821849534,2.1585543658053652e-08,2.1585543658053652e-08
20260920,float32,0.0,0.0,4,-0.28233352303504944,-0.2823335528481126,0.2823335528481126,2.98130631848359e-08,2.98130631848359e-08
20260920,float32,0.0,0.0,5,-1.3163717985153198,-1.3163720463217277,1.3163720463217277,2.478064078381692e-07,1.8824952150161666e-07
20260920,float32,0.0,0.0,6,2.5465404987335205,2.5465401423664193,2.5465401423664193,3.5636710116193626e-07,1.3994167821394543e-07
20260920,float32,0.0,0.0,7,15.113191604614258,15.113193583922955,15.113193583922955,1.979308697386273e-06,1.309656153343932e-07
20260920,float32,0.0,0.0,8,-21.421396255493164,-21.421390952046004,21.421390952046004,5.3034471605428735e-06,2.4757716118505973e-07
20260920,float32,0.0,0.0,9,-280.8305969238281,-280.8306517709676,280.8306517709676,5.4847139494995645e-05,1.9530325179648273e-07
20260920,float32,0.0,0.0,10,-801.0775146484375,-801.0785328934272,801.0785328934272,0.0010182449897229162,1.2710925931882138e-06
20260920,float32,0.5,0.5,0,-0.11920955032110214,-0.11920956390065308,0.11920956390065308,1.357955094205554e-08,1.357955094205554e-08
20260920,float32,0.5,0.5,1,-0.1346602886915207,-0.13466029048619613,0.13466029048619613,1.7946754360398387e-09,1.7946754360398387e-09
20260920,float32,0.5,0.5,2,0.11782357841730118,0.11782355555738148,0.11782355555738148,2.2859919693307695e-08,2.2859919693307695e-08
20260920,float32,0.5,0.5,3,0.016661640256643295,0.01666165425832867,0.01666165425832867,1.4001685373632444e-08,1.4001685373632444e-08
20260920,float32,0.5,0.5,4,-0.4342147409915924,-0.4342147013973213,0.4342147013973213,3.959427108402025e-08,3.959427108402025e-08
20260920,float32,0.5,0.5,5,0.7346656918525696,0.7346656711722497,0.7346656711722497,2.068031990098973e-08,2.068031990098973e-08
20260920,float32,0.5,0.5,6,2.7845332622528076,2.7845331880635955,2.7845331880635955,7.418921210700091e-08,2.6643321194743296e-08
20260920,float32,0.5,0.5,7,-15.244038581848145,-15.244036745323967,15.244036745323967,1.8365241771789442e-06,1.2047492457942868e-07
20260920,float32,0.5,0.5,8,-25.385889053344727,-25.38589612383972,25.38589612383972,7.0704949948208196e-06,2.785205990101317e-07
20260920,float32,0.5,0.5,9,415.41607666015625,415.41607914652707,415.41607914652707,2.4863708176781074e-06,5.985254164418382e-09
20260920,float32,0.5,0.5,10,218.43016052246094,218.430466578895,218.430466578895,0.0003060564340557903,1.4011618381323452e-06
20260920,float32,0.9,0.8999999761581421,0,-0.1638597846031189,-0.16385977756468387,0.16385977756468387,7.038435029249612e-09,7.038435029249612e-09
20260920,float32,0.9,0.8999999761581421,1,-0.08989682048559189,-0.08989682136141297,0.08989682136141297,8.758210823245349e-10,8.758210823245349e-10
20260920,float32,0.9,0.8999999761581421,2,0.09923984855413437,0.09923986537119957,0.09923986537119957,1.6817065198737602e-08,1.6817065198737602e-08
20260920,float32,0.9,0.8999999761581421,3,-0.08478698134422302,-0.08478698723666882,0.08478698723666882,5.8924457951858855e-09,5.8924457951858855e-09
20260920,float32,0.9,0.8999999761581421,4,-0.07535157352685928,-0.07535163289281215,0.07535163289281215,5.936595286193391e-08,5.936595286193391e-08
20260920,float32,0.9,0.8999999761581421,5,0.7394371628761292,0.7394373151644373,0.7394373151644373,1.522883081861437e-07,1.522883081861437e-07
20260920,float32,0.9,0.8999999761581421,6,-1.8228051662445068,-1.8228050600172099,1.8228050600172099,1.0622729695874966e-07,5.827682799923033e-08
20260920,float32,0.9,0.8999999761581421,7,-2.9570438861846924,-2.957045188813391,2.957045188813391,1.3026286986850266e-06,4.405170078607247e-07
20260920,float32,0.9,0.8999999761581421,8,44.90595245361328,44.90595204074604,44.90595204074604,4.128672443926007e-07,9.194042785641865e-09
20260920,float32,0.9,0.8999999761581421,9,-125.07413482666016,-125.07413498596716,125.07413498596716,1.5930700669741782e-07,1.2737006473424059e-09
20260920,float32,0.9,0.8999999761581421,10,-855.2775268554688,-855.2776467843743,855.2776467843743,0.00011992890551937307,1.4022219096953506e-07
20260920,float64,-0.9,-0.9,0,0.11471927628568918,0.11471927628568915,0.11471927628568915,2.7755575615628914e-17,2.7755575615628914e-17
20260920,float64,-0.9,-0.9,1,-0.1318427779590641,-0.1318427779590641,0.1318427779590641,0.0,0.0
20260920,float64,-0.9,-0.9,2,-0.12394006523113735,-0.12394006523113732,0.12394006523113732,2.7755575615628914e-17,2.7755575615628914e-17
20260920,float64,-0.9,-0.9,3,0.033284009568813666,0.03328400956881366,0.03328400956881366,6.938893903907228e-18,6.938893903907228e-18
20260920,float64,-0.9,-0.9,4,0.3917220025174279,0.3917220025174278,0.3917220025174278,1.1102230246251565e-16,1.1102230246251565e-16
20260920,float64,-0.9,-0.9,5,0.5534857403401227,0.5534857403401225,0.5534857403401225,1.1102230246251565e-16,1.1102230246251565e-16
20260920,float64,-0.9,-0.9,6,-1.7431874507465819,-1.7431874507465808,1.7431874507465808,1.1102230246251565e-15,6.368925063966384e-16
20260920,float64,-0.9,-0.9,7,-10.645300865823003,-10.645300865822998,10.645300865822998,5.329070518200751e-15,5.006030910136006e-16
20260920,float64,-0.9,-0.9,8,-1.9934379236201534,-1.993437923620153,1.993437923620153,4.440892098500626e-16,2.2277553997948484e-16
20260920,float64,-0.9,-0.9,9,220.21194401010035,220.21194401010032,220.21194401010032,2.842170943040401e-14,1.290652491996547e-16
20260920,float64,-0.9,-0.9,10,668.7680405376486,668.7680405376484,668.7680405376484,2.2737367544323206e-13,3.3998884764355305e-16
20260920,float64,-0.5,-0.5,0,0.052873817375572674,0.05287381737557266,0.05287381737557266,1.3877787807814457e-17,1.3877787807814457e-17
20260920,float64,-0.5,-0.5,1,-0.1741934550879426,-0.17419345508794254,0.17419345508794254,5.551115123125783e-17,5.551115123125783e-17
20260920,float64,-0.5,-0.5,2,-0.07608728226688946,-0.07608728226688945,0.07608728226688945,1.3877787807814457e-17,1.3877787807814457e-17
20260920,float64,-0.5,-0.5,3,0.20547181199237677,0.2054718119923767,0.2054718119923767,5.551115123125783e-17,5.551115123125783e-17
20260920,float64,-0.5,-0.5,4,0.37792897577130646,0.3779289757713064,0.3779289757713064,5.551115123125783e-17,5.551115123125783e-17
20260920,float64,-0.5,-0.5,5,-0.7716701424112882,-0.7716701424112882,0.7716701424112882,0.0,0.0
20260920,float64,-0.5,-0.5,6,-3.808322919127578,-3.808322919127577,3.808322919127577,8.881784197001252e-16,2.332203540931849e-16
20260920,float64,-0.5,-0.5,7,4.45930884815479,4.459308848154795,4.459308848154795,5.329070518200751e-15,1.1950440527136514e-15
20260920,float64,-0.5,-0.5,8,53.82337324575807,53.82337324575807,53.82337324575807,0.0,0.0
20260920,float64,-0.5,-0.5,9,-83.46473641959604,-83.46473641959629,83.46473641959629,2.5579538487363607e-13,3.0647120669943083e-15
20260920,float64,-0.5,-0.5,10,-994.7459855311183,-994.7459855311179,994.7459855311179,4.547473508864641e-13,4.571492195001561e-16
20260920,float64,0.0,0.0,0,-0.038741056741822544,-0.03874105674182258,0.03874105674182258,3.469446951953614e-17,3.469446951953614e-17
20260920,float64,0.0,0.0,1,-0.1815119120844224,-0.18151191208442238,0.18151191208442238,2.7755575615628914e-17,2.7755575615628914e-17
20260920,float64,0.0,0.0,2,0.05004319663841276,0.050043196638412765,0.050043196638412765,6.938893903907228e-18,6.938893903907228e-18
20260920,float64,0.0,0.0,3,0.24168320821849537,0.24168320821849534,0.24168320821849534,2.7755575615628914e-17,2.7755575615628914e-17
20260920,float64,0.0,0.0,4,-0.2823335528481128,-0.2823335528481126,0.2823335528481126,1.6653345369377348e-16,1.6653345369377348e-16
20260920,float64,0.0,0.0,5,-1.3163720463217277,-1.3163720463217277,1.3163720463217277,0.0,0.0
20260920,float64,0.0,0.0,6,2.5465401423664207,2.5465401423664193,2.5465401423664193,1.3322676295501878e-15,5.231677315371725e-16
20260920,float64,0.0,0.0,7,15.113193583922955,15.113193583922955,15.113193583922955,0.0,0.0
20260920,float64,0.0,0.0,8,-21.42139095204602,-21.421390952046004,21.421390952046004,1.7763568394002505e-14,8.292443956495676e-16
20260920,float64,0.0,0.0,9,-280.83065177096773,-280.8306517709676,280.8306517709676,1.1368683772161603e-13,4.048234656889723e-16
20260920,float64,0.0,0.0,10,-801.0785328934273,-801.0785328934272,801.0785328934272,1.1368683772161603e-13,1.4191721916575255e-16
20260920,float64,0.5,0.5,0,-0.11920956390065307,-0.11920956390065308,0.11920956390065308,1.3877787807814457e-17,1.3877787807814457e-17
20260920,float64,0.5,0.5,1,-0.1346602904861961,-0.13466029048619613,0.13466029048619613,2.7755575615628914e-17,2.7755575615628914e-17
20260920,float64,0.5,0.5,2,0.1178235555573815,0.11782355555738148,0.11782355555738148,1.3877787807814457e-17,1.3877787807814457e-17
20260920,float64,0.5,0.5,3,0.016661654258328655,0.01666165425832867,0.01666165425832867,1.3877787807814457e-17,1.3877787807814457e-17
20260920,float64,0.5,0.5,4,-0.4342147013973214,-0.4342147013973213,0.4342147013973213,5.551115123125783e-17,5.551115123125783e-17
20260920,float64,0.5,0.5,5,0.7346656711722499,0.7346656711722497,0.7346656711722497,2.220446049250313e-16,2.220446049250313e-16
20260920,float64,0.5,0.5,6,2.784533188063595,2.7845331880635955,2.7845331880635955,4.440892098500626e-16,1.5948425817071646e-16
20260920,float64,0.5,0.5,7,-15.244036745323976,-15.244036745323967,15.244036745323967,8.881784197001252e-15,5.826399099782868e-16
20260920,float64,0.5,0.5,8,-25.385896123839707,-25.38589612383972,25.38589612383972,1.4210854715202004e-14,5.597933059316621e-16
20260920,float64,0.5,0.5,9,415.4160791465271,415.41607914652707,415.41607914652707,5.684341886080802e-14,1.3683490291852185e-16
20260920,float64,0.5,0.5,10,218.43046657889417,218.430466578895,218.430466578895,8.242295734817162e-13,3.773418545457405e-15
20260920,float64,0.9,0.9,0,-0.16385977970799115,-0.16385977970799107,0.16385977970799107,8.326672684688674e-17,8.326672684688674e-17
20260920,float64,0.9,0.9,1,-0.08989681899535018,-0.08989681899535022,0.08989681899535022,4.163336342344337e-17,4.163336342344337e-17
20260920,float64,0.9,0.9,2,0.09923986334972021,0.09923986334972024,0.09923986334972024,2.7755575615628914e-17,2.7755575615628914e-17
20260920,float64,0.9,0.9,3,-0.08478698903319154,-0.08478698903319154,0.08478698903319154,0.0,0.0
20260920,float64,0.9,0.9,4,-0.07535161526325325,-0.07535161526325324,0.07535161526325324,1.3877787807814457e-17,1.3877787807814457e-17
20260920,float64,0.9,0.9,5,0.7394372717053771,0.7394372717053772,0.7394372717053772,1.1102230246251565e-16,1.1102230246251565e-16
20260920,float64,0.9,0.9,6,-1.822805130518649,-1.8228051305186486,1.8228051305186486,4.440892098500626e-16,2.4362955886771314e-16
20260920,float64,0.9,0.9,7,-2.957044118172098,-2.957044118172098,2.957044118172098,0.0,0.0
20260920,float64,0.9,0.9,8,44.90594905874603,44.90594905874603,44.90594905874603,0.0,0.0
20260920,float64,0.9,0.9,9,-125.07415537737269,-125.07415537737278,125.07415537737278,8.526512829121202e-14,6.817166027142117e-16
20260920,float64,0.9,0.9,10,-855.2774347680262,-855.2774347680254,855.2774347680254,7.958078640513122e-13,9.30467508788136e-16
